Id,Fecha,Gramos,Valor estimado,Usuario Id,Estado
1,2025-10-24,49.65,1639.12,20,ACEPTADA
2,2025-09-27,75.01,2776.69,17,ACEPTADA
3,2025-10-10,39.43,3368.06,12,ACEPTADA
4,2025-08-10,87.90,4840.70,6,ACEPTADA
5,2025-09-02,26.24,4029.91,20,ACEPTADA
6,2025-09-11,75.11,4341.80,6,ACEPTADA
7,2025-03-04,78.63,1452.01,13,ACEPTADA
8,2025-08-29,80.43,1288.51,12,ACEPTADA
9,2025-07-13,89.46,761.65,19,ACEPTADA
10,2025-06-25,37.07,4672.16,7,ACEPTADA
11,2025-07-14,32.59,3395.93,14,ACEPTADA
12,2025-01-24,38.50,1086.90,3,ACEPTADA
13,2025-02-24,82.97,1828.62,17,ACEPTADA
14,2025-01-31,44.44,4584.18,3,ACEPTADA
15,2025-10-17,58.41,4246.46,19,ACEPTADA
16,2025-04-23,91.24,4073.07,19,ACEPTADA
17,2025-01-19,66.57,823.82,8,ACEPTADA
18,2025-04-07,78.73,3427.75,16,ACEPTADA
19,2025-10-04,64.54,604.48,1,ACEPTADA
20,2025-10-20,56.74,2424.75,6,ACEPTADA
21,2025-06-10,87.83,1923.34,17,ACEPTADA
22,2025-10-27,97.07,1822.00,5,ACEPTADA
23,2025-02-12,46.70,1281.56,11,ACEPTADA
24,2025-01-05,72.86,3540.92,15,ACEPTADA
25,2025-05-19,28.91,3352.26,9,ACEPTADA
26,2025-10-15,87.58,2502.04,1,ACEPTADA
27,2025-07-26,94.97,2618.56,18,ACEPTADA
28,2025-08-07,42.77,4565.18,4,ACEPTADA
29,2025-06-28,96.39,2312.48,4,ACEPTADA
30,2025-06-24,24.91,1781.52,14,ACEPTADA
31,2025-04-04,12.70,4481.44,11,ACEPTADA
32,2025-04-01,30.76,1556.59,8,ACEPTADA
33,2025-09-08,65.45,3921.32,9,ACEPTADA
34,2025-01-02,77.60,1559.92,16,ACEPTADA
35,2025-02-16,92.45,4181.70,19,ACEPTADA
36,2025-02-06,90.83,2648.61,7,ACEPTADA
37,2025-06-27,54.52,3010.24,3,ACEPTADA
38,2025-07-14,14.29,2206.44,16,ACEPTADA
39,2025-07-17,86.76,2466.88,2,ACEPTADA
40,2025-09-06,92.19,2971.48,1,ACEPTADA
41,2025-10-23,50.11,3112.34,2,ACEPTADA
42,2025-08-25,41.29,1703.61,16,ACEPTADA
43,2025-07-31,70.82,4838.95,5,ACEPTADA
44,2025-02-11,17.86,4102.33,12,ACEPTADA
45,2025-08-28,48.99,4972.28,2,ACEPTADA
46,2025-07-06,65.10,1942.94,6,ACEPTADA
47,2025-06-30,39.69,1747.48,16,ACEPTADA
48,2025-10-28,69.49,4785.16,9,ACEPTADA
49,2025-10-09,64.18,3510.15,20,ACEPTADA
50,2025-01-09,99.51,2766.55,2,ACEPTADA
51,2025-02-23,71.41,3242.15,8,ACEPTADA
52,2025-05-25,41.85,2276.43,5,ACEPTADA
53,2025-09-16,13.86,1807.60,15,ACEPTADA
54,2025-06-19,85.64,3415.79,19,ACEPTADA
55,2025-02-02,17.49,1936.56,6,ACEPTADA
56,2025-07-13,84.93,4043.07,13,ACEPTADA
57,2025-09-16,30.28,1449.37,3,ACEPTADA
58,2025-10-28,91.06,4039.61,20,ACEPTADA
59,2025-08-27,71.41,2265.36,5,ACEPTADA
60,2025-04-27,34.94,2270.15,12,ACEPTADA
61,2025-01-07,66.41,1119.29,20,ACEPTADA
62,2025-01-12,57.31,2403.53,1,ACEPTADA
63,2025-09-26,66.81,2165.37,1,ACEPTADA
64,2025-02-25,74.02,4524.21,3,ACEPTADA
65,2025-04-08,44.45,4973.67,17,ACEPTADA
66,2025-04-27,61.45,3281.07,5,ACEPTADA
67,2025-08-21,36.43,4585.43,12,ACEPTADA
68,2025-02-24,97.42,2827.58,7,ACEPTADA
69,2025-01-15,49.21,1976.25,16,ACEPTADA
70,2025-06-19,57.11,646.88,3,ACEPTADA
71,2025-10-06,89.06,1231.00,5,ACEPTADA
72,2025-10-25,48.16,819.71,8,ACEPTADA
73,2025-08-29,65.46,2003.01,1,ACEPTADA
74,2025-05-06,84.53,2562.38,12,ACEPTADA
75,2025-09-28,16.08,2638.83,12,ACEPTADA
76,2025-04-21,43.33,3522.58,11,ACEPTADA
77,2025-08-22,93.34,910.47,18,ACEPTADA
78,2025-10-19,16.85,3619.65,12,ACEPTADA
79,2025-02-23,85.54,3743.66,15,ACEPTADA
80,2025-04-03,52.60,908.50,14,ACEPTADA
81,2025-07-01,88.34,805.44,19,ACEPTADA
82,2025-08-04,69.34,1832.73,3,ACEPTADA
83,2025-08-04,31.71,1828.91,4,ACEPTADA
84,2025-08-21,60.90,3008.51,9,ACEPTADA
85,2025-08-11,79.27,2807.06,4,ACEPTADA
86,2025-08-05,92.71,822.39,10,ACEPTADA
87,2025-01-29,34.40,4344.44,15,ACEPTADA
88,2025-06-01,54.13,4606.34,17,ACEPTADA
89,2025-05-14,22.01,3123.89,5,ACEPTADA
90,2025-07-09,21.61,2747.89,4,ACEPTADA
91,2025-07-26,97.56,3509.47,7,ACEPTADA
92,2025-05-08,63.11,3000.27,18,ACEPTADA
93,2025-08-27,67.14,3104.59,13,ACEPTADA
94,2025-05-07,85.76,4752.15,1,ACEPTADA
95,2025-03-20,24.65,1718.98,19,ACEPTADA
96,2025-04-12,32.33,3552.99,18,ACEPTADA
97,2025-05-23,60.01,1231.40,15,ACEPTADA
98,2025-05-02,68.88,1309.14,2,ACEPTADA
99,2025-10-09,81.96,2990.75,1,ACEPTADA
100,2025-06-25,14.25,1048.05,17,ACEPTADA
101,2025-05-25,60.04,4053.85,11,ACEPTADA
102,2025-10-15,26.40,3374.40,13,ACEPTADA
103,2025-07-30,51.49,614.94,16,ACEPTADA
104,2025-03-30,13.16,1692.21,18,ACEPTADA
105,2025-04-14,32.28,3059.95,2,ACEPTADA
106,2025-09-16,47.27,3957.44,17,ACEPTADA
107,2025-03-14,44.16,2623.24,20,ACEPTADA
108,2025-05-22,98.45,2665.94,4,ACEPTADA
109,2025-10-25,24.03,2252.05,15,ACEPTADA
110,2025-09-06,85.21,3398.09,12,ACEPTADA
111,2025-04-17,73.43,3900.64,2,ACEPTADA
112,2025-03-25,53.27,3674.92,16,ACEPTADA
113,2025-07-07,57.08,3905.39,12,ACEPTADA
114,2025-08-26,36.32,978.78,9,ACEPTADA
115,2025-10-20,35.65,3953.54,10,ACEPTADA
116,2025-10-03,55.09,1663.02,14,ACEPTADA
117,2025-06-19,55.92,1867.54,8,ACEPTADA
118,2025-05-25,88.88,3772.67,7,ACEPTADA
119,2025-07-13,11.46,3611.09,14,ACEPTADA
120,2025-08-21,14.40,3148.59,20,ACEPTADA
121,2025-02-01,91.44,2640.60,10,ACEPTADA
122,2025-01-12,31.82,1048.79,13,ACEPTADA
123,2025-08-31,99.48,3827.87,17,ACEPTADA
124,2025-05-20,50.31,4713.49,1,ACEPTADA
125,2025-01-14,51.86,874.85,7,ACEPTADA
126,2025-10-12,57.58,4826.42,17,ACEPTADA
127,2025-08-18,73.99,1878.05,11,ACEPTADA
128,2025-01-25,46.14,4493.23,7,ACEPTADA
129,2025-06-05,55.94,1359.93,14,ACEPTADA
130,2025-09-03,40.59,1069.75,20,ACEPTADA
131,2025-04-12,95.32,3696.49,19,ACEPTADA
132,2025-06-19,10.63,1211.37,4,ACEPTADA
133,2025-05-15,43.28,4998.55,18,ACEPTADA
134,2025-03-02,95.70,1877.04,17,ACEPTADA
135,2025-10-13,68.10,1639.77,12,ACEPTADA
136,2025-09-03,85.81,4306.19,2,ACEPTADA
137,2025-09-27,93.54,3549.96,6,ACEPTADA
138,2025-05-10,31.72,1746.31,13,ACEPTADA
139,2025-05-12,88.59,2176.35,18,ACEPTADA
140,2025-07-10,47.43,1302.71,6,ACEPTADA
141,2025-10-03,45.46,1261.61,17,ACEPTADA
142,2025-05-05,21.31,3072.61,15,ACEPTADA
143,2025-03-29,71.68,3839.77,10,ACEPTADA
144,2025-07-24,34.43,2996.26,7,ACEPTADA
145,2025-07-29,12.73,3816.87,1,ACEPTADA
146,2025-09-01,29.75,1200.81,14,ACEPTADA
147,2025-01-16,25.27,2704.64,11,ACEPTADA
148,2025-03-20,77.48,3962.45,8,ACEPTADA
149,2025-04-30,57.11,2719.11,18,ACEPTADA
150,2025-01-10,76.84,3443.04,4,ACEPTADA
151,2025-01-26,46.78,1999.19,7,ACEPTADA
152,2025-10-10,88.19,3381.44,17,ACEPTADA
153,2025-01-24,26.92,2880.22,16,ACEPTADA
154,2025-04-19,51.16,3128.72,6,ACEPTADA
155,2025-03-19,79.13,3043.85,16,ACEPTADA
156,2025-05-31,77.53,3911.62,10,ACEPTADA
157,2025-10-26,18.36,938.60,16,ACEPTADA
158,2025-08-24,82.09,3425.65,13,ACEPTADA
159,2025-05-09,43.70,3550.08,6,ACEPTADA
160,2025-01-25,61.85,4159.42,13,ACEPTADA
161,2025-06-28,56.80,3866.42,17,ACEPTADA
162,2025-09-21,58.16,1364.06,17,ACEPTADA
163,2025-08-24,30.30,1023.16,6,ACEPTADA
164,2025-05-07,24.65,3698.95,2,ACEPTADA
165,2025-03-09,21.15,2500.49,20,ACEPTADA
166,2025-07-02,20.56,1358.24,15,ACEPTADA
167,2025-06-14,94.94,3212.16,16,ACEPTADA
168,2025-09-17,46.39,4477.93,12,ACEPTADA
169,2025-09-30,40.68,2489.77,2,ACEPTADA
170,2025-06-16,11.09,1928.76,19,ACEPTADA
171,2025-07-13,56.02,1102.11,5,ACEPTADA
172,2025-06-09,34.21,2912.02,9,ACEPTADA
173,2025-10-05,10.62,2435.01,6,ACEPTADA
174,2025-06-17,77.26,762.38,5,ACEPTADA
175,2025-08-03,26.48,2620.63,16,ACEPTADA
176,2025-03-15,49.77,4080.26,20,ACEPTADA
177,2025-06-27,67.59,1805.38,6,ACEPTADA
178,2025-04-16,22.67,4988.90,14,ACEPTADA
179,2025-07-07,61.48,3749.91,13,ACEPTADA
180,2025-09-20,36.57,548.96,2,ACEPTADA
181,2025-07-11,71.00,4532.76,2,ACEPTADA
182,2025-04-22,39.27,890.96,1,ACEPTADA
183,2025-07-30,79.13,525.56,11,ACEPTADA
184,2025-06-20,29.11,2255.96,4,ACEPTADA
185,2025-09-28,94.63,1297.26,12,ACEPTADA
186,2025-04-11,75.77,2771.51,11,ACEPTADA
187,2025-08-31,73.47,957.99,7,ACEPTADA
188,2025-09-21,40.70,2420.39,13,ACEPTADA
189,2025-06-01,47.88,4050.92,17,ACEPTADA
190,2025-04-22,56.28,3551.38,14,ACEPTADA
191,2025-02-25,90.73,518.33,5,ACEPTADA
192,2025-04-18,47.95,2371.17,16,ACEPTADA
193,2025-09-25,46.16,2173.61,20,ACEPTADA
194,2025-05-16,64.52,1923.57,7,ACEPTADA
195,2025-08-18,49.62,4036.25,13,ACEPTADA
196,2025-02-02,31.30,3858.76,6,ACEPTADA
197,2025-07-04,40.21,1599.17,17,ACEPTADA
198,2025-01-21,67.27,3544.52,5,ACEPTADA
199,2025-03-21,38.69,2356.02,16,ACEPTADA
200,2025-04-16,62.33,2076.38,20,ACEPTADA
201,2025-01-22,26.70,2830.04,8,ACEPTADA
202,2025-05-05,92.01,4312.60,5,ACEPTADA
203,2025-10-11,18.08,3152.29,14,ACEPTADA
204,2025-09-02,21.58,1315.02,8,ACEPTADA
205,2025-04-03,35.30,568.01,18,ACEPTADA
206,2025-02-24,81.94,4197.47,16,ACEPTADA
207,2025-06-04,70.39,2736.11,2,ACEPTADA
208,2025-01-06,85.42,3123.10,16,ACEPTADA
209,2025-08-05,89.00,2972.18,11,ACEPTADA
210,2025-10-27,22.28,3520.97,20,ACEPTADA
211,2025-09-10,81.78,4014.14,4,ACEPTADA
212,2025-06-20,45.93,2547.48,7,ACEPTADA
213,2025-01-07,26.88,1131.39,17,ACEPTADA
214,2025-09-22,30.92,521.16,9,ACEPTADA
215,2025-06-18,78.18,2692.05,8,ACEPTADA
216,2025-04-15,12.16,4832.19,2,ACEPTADA
217,2025-03-18,74.82,4197.81,15,ACEPTADA
218,2025-04-24,59.19,2797.27,7,ACEPTADA
219,2025-10-14,21.80,2634.52,11,ACEPTADA
220,2025-10-19,91.50,4160.95,4,ACEPTADA
221,2025-08-22,54.27,4260.37,14,ACEPTADA
222,2025-06-15,89.70,666.20,15,ACEPTADA
223,2025-05-25,83.17,2808.56,16,ACEPTADA
224,2025-01-26,80.17,1126.95,9,ACEPTADA
225,2025-06-10,99.26,4833.89,1,ACEPTADA
226,2025-09-24,52.16,4451.65,13,ACEPTADA
227,2025-04-12,93.15,2818.51,16,ACEPTADA
228,2025-07-30,30.91,509.31,8,ACEPTADA
229,2025-10-10,39.23,4335.80,4,ACEPTADA
230,2025-01-23,85.05,2967.40,13,ACEPTADA
231,2025-08-06,78.52,972.24,17,ACEPTADA
232,2025-08-28,36.21,3170.67,12,ACEPTADA
233,2025-09-04,95.49,3370.06,18,ACEPTADA
234,2025-05-04,82.31,4215.89,6,ACEPTADA
235,2025-04-06,50.00,695.85,18,ACEPTADA
236,2025-06-29,88.02,2505.59,11,ACEPTADA
237,2025-05-04,93.45,927.00,6,ACEPTADA
238,2025-09-22,17.20,2222.57,13,ACEPTADA
239,2025-10-03,58.65,3404.49,10,ACEPTADA
240,2025-06-10,98.47,2500.53,8,ACEPTADA
241,2025-07-21,11.24,2161.30,15,ACEPTADA
242,2025-08-09,34.36,870.02,16,ACEPTADA
243,2025-05-29,68.13,2136.00,1,ACEPTADA
244,2025-10-28,65.40,1414.91,15,ACEPTADA
245,2025-06-05,29.68,1681.06,20,ACEPTADA
246,2025-08-12,22.96,2624.68,9,ACEPTADA
247,2025-07-23,79.11,1351.54,1,ACEPTADA
248,2025-02-01,54.77,1544.85,7,ACEPTADA
249,2025-02-07,15.51,4363.78,15,ACEPTADA
250,2025-06-17,41.30,3924.29,17,ACEPTADA
251,2025-06-28,68.12,1817.75,4,ACEPTADA
252,2025-05-29,88.01,2920.74,8,ACEPTADA
253,2025-10-13,52.44,3372.33,7,ACEPTADA
254,2025-07-17,71.30,2466.83,9,ACEPTADA
255,2025-07-27,17.21,2066.83,10,ACEPTADA
256,2025-06-22,26.93,714.46,17,ACEPTADA
257,2025-06-21,70.44,3019.92,7,ACEPTADA
258,2025-01-20,14.90,3182.80,16,ACEPTADA
259,2025-03-06,74.50,1297.07,16,ACEPTADA
260,2025-04-23,91.98,4305.35,1,ACEPTADA
261,2025-02-08,63.07,1732.79,17,ACEPTADA
262,2025-05-17,66.62,3618.77,17,ACEPTADA
263,2025-03-13,50.58,4658.49,4,ACEPTADA
264,2025-07-24,39.13,1107.20,15,ACEPTADA
265,2025-08-02,55.62,1649.53,3,ACEPTADA
266,2025-10-27,32.05,2273.55,17,ACEPTADA
267,2025-01-11,69.64,3337.37,9,ACEPTADA
268,2025-08-13,89.06,2414.08,9,ACEPTADA
269,2025-09-15,21.01,731.00,6,ACEPTADA
270,2025-07-19,71.55,2212.39,17,ACEPTADA
271,2025-03-12,12.16,720.20,14,ACEPTADA
272,2025-07-29,32.43,1450.77,18,ACEPTADA
273,2025-04-05,13.53,2728.69,18,ACEPTADA
274,2025-09-19,81.10,4214.11,11,ACEPTADA
275,2025-01-02,81.21,1007.18,13,ACEPTADA
276,2025-06-21,21.64,4873.71,13,ACEPTADA
277,2025-08-05,50.30,3047.60,5,ACEPTADA
278,2025-08-03,54.55,1975.33,17,ACEPTADA
279,2025-10-21,23.31,4509.90,9,ACEPTADA
280,2025-09-28,19.92,3026.65,4,ACEPTADA
281,2025-07-06,38.31,1987.84,14,ACEPTADA
282,2025-08-02,58.29,2858.45,20,ACEPTADA
283,2025-01-22,72.32,3607.10,11,ACEPTADA
284,2025-06-24,55.56,3029.98,9,ACEPTADA
285,2025-07-15,17.68,3713.37,12,ACEPTADA
286,2025-10-02,79.27,1650.71,7,ACEPTADA
287,2025-09-10,30.53,4092.05,14,ACEPTADA
288,2025-04-10,63.71,869.00,15,ACEPTADA
289,2025-06-30,66.37,585.09,13,ACEPTADA
290,2025-05-08,45.50,3121.42,15,ACEPTADA
291,2025-06-29,45.04,1857.84,20,ACEPTADA
292,2025-01-20,40.34,3504.37,12,ACEPTADA
293,2025-09-14,10.68,761.82,4,ACEPTADA
294,2025-08-02,59.56,4186.33,20,ACEPTADA
295,2025-02-27,88.52,2307.53,10,ACEPTADA
296,2025-04-26,63.38,3657.69,17,ACEPTADA
297,2025-03-23,85.78,1310.20,20,ACEPTADA
298,2025-08-28,80.94,3740.72,13,ACEPTADA
299,2025-01-20,35.29,1145.09,6,ACEPTADA
300,2025-07-31,20.97,4220.54,6,ACEPTADA
301,2025-07-22,49.68,942.50,12,ACEPTADA
302,2025-02-17,96.67,590.19,4,ACEPTADA
303,2025-06-15,25.92,3715.71,4,ACEPTADA
304,2025-04-21,80.44,621.95,14,ACEPTADA
305,2025-09-24,53.58,1888.28,15,ACEPTADA
306,2025-06-15,45.48,1200.63,20,ACEPTADA
307,2025-05-10,70.85,3922.93,12,ACEPTADA
308,2025-07-30,69.69,2476.39,18,ACEPTADA
309,2025-06-29,47.83,4963.44,4,ACEPTADA
310,2025-08-12,44.63,3695.07,20,ACEPTADA
311,2025-06-06,38.32,4974.21,17,ACEPTADA
312,2025-10-04,54.44,1678.62,11,ACEPTADA
313,2025-04-20,32.61,1263.62,17,ACEPTADA
314,2025-05-16,35.69,3378.36,12,ACEPTADA
315,2025-08-14,85.84,4879.32,3,ACEPTADA
316,2025-10-01,95.94,3029.24,20,ACEPTADA
317,2025-08-13,14.64,3574.13,15,ACEPTADA
318,2025-05-22,14.92,737.94,14,ACEPTADA
319,2025-09-15,82.19,2599.68,2,ACEPTADA
320,2025-05-02,70.73,2409.26,14,ACEPTADA
321,2025-05-09,14.64,4255.37,18,ACEPTADA
322,2025-01-15,62.12,2345.00,10,ACEPTADA
323,2025-07-09,86.33,1043.60,20,ACEPTADA
324,2025-09-01,93.39,3454.33,9,ACEPTADA
325,2025-07-09,99.74,4599.22,12,ACEPTADA
326,2025-06-01,78.15,4199.51,11,ACEPTADA
327,2025-01-03,94.96,2686.46,14,ACEPTADA
328,2025-07-02,63.30,4216.82,10,ACEPTADA
329,2025-04-02,98.71,1178.60,9,ACEPTADA
330,2025-04-17,48.43,962.87,20,ACEPTADA
331,2025-02-06,75.24,2977.21,4,ACEPTADA
332,2025-09-27,85.49,2578.06,7,ACEPTADA
333,2025-08-18,54.14,2898.92,18,ACEPTADA
334,2025-07-17,66.93,4771.85,2,ACEPTADA
335,2025-08-01,63.15,2581.42,18,ACEPTADA
336,2025-08-27,62.02,683.77,20,ACEPTADA
337,2025-03-16,44.28,1527.15,18,ACEPTADA
338,2025-09-27,66.63,1822.57,19,ACEPTADA
339,2025-06-28,89.56,739.02,17,ACEPTADA
340,2025-09-12,30.76,1098.24,1,ACEPTADA
341,2025-07-21,25.86,2591.73,18,ACEPTADA
342,2025-02-06,93.79,3302.46,9,ACEPTADA
343,2025-08-09,87.36,1760.72,3,ACEPTADA
344,2025-10-15,54.28,1615.87,14,ACEPTADA
345,2025-01-02,26.32,3356.24,8,ACEPTADA
346,2025-07-21,23.95,922.15,19,ACEPTADA
347,2025-09-02,59.29,4255.70,15,ACEPTADA
348,2025-04-06,44.28,3282.08,14,ACEPTADA
349,2025-03-18,98.26,1973.63,1,ACEPTADA
350,2025-05-22,26.61,3032.70,13,ACEPTADA
351,2025-02-19,45.16,1975.49,16,ACEPTADA
352,2025-07-03,36.93,3883.97,19,ACEPTADA
353,2025-04-17,88.77,3536.17,7,ACEPTADA
354,2025-02-24,15.05,4223.86,9,ACEPTADA
355,2025-04-22,30.11,4611.63,1,ACEPTADA
356,2025-03-30,48.42,1432.22,2,ACEPTADA
357,2025-02-09,83.94,1866.15,6,ACEPTADA
358,2025-08-17,76.22,4873.42,11,ACEPTADA
359,2025-02-26,93.07,2996.30,10,ACEPTADA
360,2025-07-18,23.80,3722.72,14,ACEPTADA
361,2025-02-02,84.74,2325.80,17,ACEPTADA
362,2025-05-11,59.32,1548.80,15,ACEPTADA
363,2025-10-02,83.26,4173.20,12,ACEPTADA
364,2025-09-08,91.85,1231.32,9,ACEPTADA
365,2025-02-02,29.47,3892.54,16,ACEPTADA
366,2025-06-08,29.52,2615.67,12,ACEPTADA
367,2025-08-15,16.85,4614.66,9,ACEPTADA
368,2025-04-17,30.19,1163.97,8,ACEPTADA
369,2025-04-04,42.48,4139.40,7,ACEPTADA
370,2025-06-29,38.53,2373.11,16,ACEPTADA
371,2025-01-10,99.72,2547.78,20,ACEPTADA
372,2025-02-27,86.29,3931.89,13,ACEPTADA
373,2025-08-20,16.56,4470.72,18,ACEPTADA
374,2025-01-16,37.08,934.84,7,ACEPTADA
375,2025-10-28,40.62,892.64,17,ACEPTADA
376,2025-06-27,97.34,3839.53,14,ACEPTADA
377,2025-05-22,23.73,2541.25,10,ACEPTADA
378,2025-05-27,59.53,3370.97,9,ACEPTADA
379,2025-05-27,42.09,2385.65,9,ACEPTADA
380,2025-08-16,75.00,4943.08,12,ACEPTADA
381,2025-01-21,10.25,4225.37,13,ACEPTADA
382,2025-02-05,28.79,3954.73,20,ACEPTADA
383,2025-05-14,50.43,3090.04,14,ACEPTADA
384,2025-09-06,42.79,1357.94,17,ACEPTADA
385,2025-09-14,88.18,3710.39,6,ACEPTADA
386,2025-09-15,62.26,973.68,1,ACEPTADA
387,2025-01-24,32.69,3100.38,17,ACEPTADA
388,2025-06-14,99.06,3688.40,5,ACEPTADA
389,2025-04-28,89.69,3131.45,20,ACEPTADA
390,2025-03-11,10.75,2183.40,7,ACEPTADA
391,2025-03-29,38.29,4530.18,1,ACEPTADA
392,2025-04-07,91.74,4159.76,5,ACEPTADA
393,2025-07-13,58.61,3897.05,17,ACEPTADA
394,2025-06-29,73.89,609.93,19,ACEPTADA
395,2025-03-15,98.80,4843.96,8,ACEPTADA
396,2025-02-22,96.46,1879.16,17,ACEPTADA
397,2025-06-11,64.71,4300.12,13,ACEPTADA
398,2025-01-17,20.20,2237.95,7,ACEPTADA
399,2025-04-09,35.88,3584.08,20,ACEPTADA
400,2025-06-06,38.74,4858.02,13,ACEPTADA
401,2025-06-06,64.93,3956.84,7,RECHAZADA
402,2025-03-07,69.30,3084.04,16,RECHAZADA
403,2025-03-20,22.21,4397.68,20,RECHAZADA
404,2025-04-19,50.44,4023.75,7,RECHAZADA
405,2025-09-05,21.96,961.88,3,RECHAZADA
406,2025-02-26,54.55,947.23,20,RECHAZADA
407,2025-10-09,21.52,568.27,1,RECHAZADA
408,2025-05-05,15.88,3018.85,1,RECHAZADA
409,2025-04-01,19.71,3565.19,9,RECHAZADA
410,2025-09-22,90.77,2631.38,17,RECHAZADA
411,2025-01-08,80.64,1312.48,13,RECHAZADA
412,2025-02-03,33.97,2070.25,4,RECHAZADA
413,2025-09-26,45.40,3488.68,5,RECHAZADA
414,2025-06-23,33.89,598.94,17,RECHAZADA
415,2025-03-13,78.95,644.85,3,RECHAZADA
416,2025-04-07,12.57,4612.84,9,RECHAZADA
417,2025-03-04,42.05,4855.45,15,RECHAZADA
418,2025-08-14,37.95,3121.95,18,RECHAZADA
419,2025-09-27,87.54,1155.59,20,RECHAZADA
420,2025-10-27,17.06,1840.39,7,RECHAZADA
421,2025-08-17,22.71,1513.15,10,RECHAZADA
422,2025-05-28,76.49,3858.33,8,RECHAZADA
423,2025-01-20,44.67,1009.81,11,RECHAZADA
424,2025-02-27,56.40,1743.97,19,RECHAZADA
425,2025-09-11,12.15,1323.52,2,RECHAZADA
426,2025-03-30,24.70,3864.33,18,RECHAZADA
427,2025-10-21,43.01,615.91,3,RECHAZADA
428,2025-09-29,80.98,4270.85,17,RECHAZADA
429,2025-04-19,39.87,596.79,1,RECHAZADA
430,2025-01-20,14.50,4706.06,15,RECHAZADA
431,2025-05-08,50.62,569.49,18,TASACION
432,2025-09-28,71.76,3779.56,1,TASACION
433,2025-06-05,13.77,760.59,17,TASACION
434,2025-10-05,49.49,1307.13,11,TASACION
435,2025-02-24,45.32,1535.40,18,TASACION
436,2025-04-30,72.79,3160.72,9,TASACION
437,2025-02-25,47.24,2363.53,19,TASACION
438,2025-09-30,27.86,3456.64,3,TASACION
439,2025-02-09,95.70,4029.45,20,TASACION
440,2025-03-28,17.52,3588.95,20,TASACION
441,2025-05-06,39.61,2312.33,2,TASACION
442,2025-02-12,56.28,1114.72,18,TASACION
443,2025-04-19,21.04,1184.48,4,TASACION
444,2025-07-10,19.98,919.69,4,TASACION
445,2025-01-19,79.66,2372.76,1,TASACION
446,2025-10-14,40.46,4642.81,19,TASACION
447,2025-07-13,15.20,1079.06,17,TASACION
448,2025-02-20,87.98,1663.47,16,TASACION
449,2025-01-29,96.80,4022.78,16,TASACION
450,2025-02-12,36.49,2530.21,16,TASACION
451,2025-07-21,51.26,1894.58,8,ACEPTADA
452,2025-03-11,74.77,1636.58,9,ACEPTADA
453,2025-10-23,58.10,2120.10,20,ACEPTADA
454,2025-04-15,58.15,4047.91,12,ACEPTADA
455,2025-03-07,14.34,4718.19,1,ACEPTADA
456,2025-09-21,51.15,2732.31,10,ACEPTADA
457,2025-07-25,54.15,4979.42,7,ACEPTADA
458,2025-06-07,22.10,2086.87,20,ACEPTADA
459,2025-09-10,96.68,4041.31,20,ACEPTADA
460,2025-10-05,98.90,1673.68,2,ACEPTADA
461,2025-08-28,72.64,4998.66,4,ACEPTADA
462,2025-03-20,43.14,3541.35,11,ACEPTADA
463,2025-06-19,24.47,4684.79,7,ACEPTADA
464,2025-07-31,71.67,1552.34,3,ACEPTADA
465,2025-08-13,97.94,4029.65,15,ACEPTADA
466,2025-07-21,46.78,2098.52,4,ACEPTADA
467,2025-10-26,55.75,2598.26,8,ACEPTADA
468,2025-05-01,26.15,2691.18,19,ACEPTADA
469,2025-09-16,55.24,873.72,12,ACEPTADA
470,2025-09-13,26.12,2280.43,18,ACEPTADA
471,2025-08-07,46.10,4693.49,10,ACEPTADA
472,2025-07-08,73.52,990.06,2,ACEPTADA
473,2025-07-12,80.96,1604.96,13,ACEPTADA
474,2025-07-14,57.59,2441.38,17,ACEPTADA
475,2025-04-16,35.14,1006.86,8,ACEPTADA
476,2025-04-08,58.82,1427.77,3,ACEPTADA
477,2025-07-07,15.26,1414.34,1,ACEPTADA
478,2025-08-15,46.19,4677.59,13,ACEPTADA
479,2025-03-26,73.61,814.69,17,ACEPTADA
480,2025-03-12,29.18,2045.70,6,ACEPTADA
481,2025-08-16,64.35,513.96,7,ACEPTADA
482,2025-04-01,59.58,1695.54,9,ACEPTADA
483,2025-08-03,88.94,2863.60,1,ACEPTADA
484,2025-09-08,92.39,3249.21,13,ACEPTADA
485,2025-05-23,39.63,3455.59,19,ACEPTADA
486,2025-02-13,42.71,2803.16,14,ACEPTADA
487,2025-01-11,75.44,1044.31,16,ACEPTADA
488,2025-05-08,79.87,1729.81,18,ACEPTADA
489,2025-04-15,65.82,4357.87,2,ACEPTADA
490,2025-03-03,37.00,3234.99,18,ACEPTADA
491,2025-10-23,13.21,4948.21,7,ACEPTADA
492,2025-05-27,42.43,3865.35,16,ACEPTADA
493,2025-04-02,16.96,3011.65,5,ACEPTADA
494,2025-01-13,80.69,710.72,4,ACEPTADA
495,2025-02-18,30.21,2921.31,12,ACEPTADA
496,2025-05-21,53.97,1504.36,18,ACEPTADA
497,2025-02-05,14.07,4048.88,8,ACEPTADA
498,2025-06-29,12.82,3659.65,6,ACEPTADA
499,2025-07-03,30.71,506.87,4,ACEPTADA
500,2025-10-12,87.76,3964.06,8,ACEPTADA
501,2025-02-10,81.80,4585.82,13,ACEPTADA
502,2025-03-03,19.74,1683.95,15,ACEPTADA
503,2025-08-09,97.75,4307.20,18,ACEPTADA
504,2025-09-26,18.13,4291.04,4,ACEPTADA
505,2025-01-02,50.30,1428.67,11,ACEPTADA
506,2025-04-16,14.33,2534.39,17,ACEPTADA
507,2025-08-12,89.01,792.65,3,ACEPTADA
508,2025-08-03,98.21,1444.48,20,ACEPTADA
509,2025-03-15,92.29,1683.17,2,ACEPTADA
510,2025-04-16,98.90,3225.98,14,ACEPTADA
511,2025-05-22,10.44,3653.28,14,ACEPTADA
512,2025-07-29,94.62,2650.99,17,ACEPTADA
513,2025-03-08,66.65,3827.69,15,ACEPTADA
514,2025-04-26,39.59,4993.57,20,ACEPTADA
515,2025-08-06,81.67,2055.97,3,ACEPTADA
516,2025-07-09,37.85,3891.94,7,ACEPTADA
517,2025-02-04,72.53,4035.90,11,ACEPTADA
518,2025-09-30,19.57,1775.75,14,ACEPTADA
519,2025-02-05,35.00,2037.78,11,ACEPTADA
520,2025-09-04,16.07,745.53,12,ACEPTADA
521,2025-02-04,61.58,1080.79,17,ACEPTADA
522,2025-02-06,73.27,4212.74,13,ACEPTADA
523,2025-10-22,27.02,3530.61,8,ACEPTADA
524,2025-02-08,89.33,3776.03,10,ACEPTADA
525,2025-02-14,31.97,3241.00,7,ACEPTADA
526,2025-02-22,58.59,3103.16,19,ACEPTADA
527,2025-02-25,40.68,4254.14,1,ACEPTADA
528,2025-09-06,14.70,764.45,13,ACEPTADA
529,2025-08-08,37.82,3215.68,18,ACEPTADA
530,2025-07-04,73.07,3564.09,17,ACEPTADA
531,2025-04-16,95.78,3075.09,20,ACEPTADA
532,2025-01-23,81.36,3415.52,7,ACEPTADA
533,2025-07-25,93.46,3009.72,8,ACEPTADA
534,2025-02-21,34.83,1178.42,17,ACEPTADA
535,2025-02-20,93.59,2179.02,11,ACEPTADA
536,2025-06-11,81.02,3359.81,1,ACEPTADA
537,2025-03-17,60.30,936.27,1,ACEPTADA
538,2025-08-27,98.63,1991.46,6,ACEPTADA
539,2025-08-08,18.15,2219.62,10,ACEPTADA
540,2025-06-27,98.23,3734.08,18,ACEPTADA
541,2025-05-07,22.05,4265.44,13,ACEPTADA
542,2025-09-23,91.98,2486.32,5,ACEPTADA
543,2025-08-19,28.30,4088.15,2,ACEPTADA
544,2025-08-30,72.81,3343.63,6,ACEPTADA
545,2025-08-25,14.22,3184.67,13,ACEPTADA
546,2025-03-21,44.40,1831.60,19,ACEPTADA
547,2025-05-14,32.74,2867.91,7,ACEPTADA
548,2025-09-10,93.91,800.57,8,ACEPTADA
549,2025-03-21,41.98,4484.85,5,ACEPTADA
550,2025-09-29,16.72,2038.30,13,ACEPTADA
551,2025-04-19,43.53,1036.43,17,ACEPTADA
552,2025-10-10,62.86,4727.95,15,ACEPTADA
553,2025-04-09,77.99,4158.60,12,ACEPTADA
554,2025-08-24,16.21,2445.17,1,ACEPTADA
555,2025-10-03,29.10,4504.20,15,ACEPTADA
556,2025-05-07,54.28,2571.58,7,ACEPTADA
557,2025-01-23,53.63,1875.89,2,ACEPTADA
558,2025-05-30,79.09,3865.38,17,ACEPTADA
559,2025-08-10,41.88,3545.00,5,ACEPTADA
560,2025-08-19,90.83,4460.22,2,ACEPTADA
561,2025-01-17,47.91,3611.76,14,ACEPTADA
562,2025-01-31,29.44,1991.62,15,ACEPTADA
563,2025-06-21,84.43,3151.70,11,ACEPTADA
564,2025-07-17,54.05,3686.82,5,ACEPTADA
565,2025-07-11,88.51,2761.98,19,ACEPTADA
566,2025-09-12,24.77,4812.97,4,ACEPTADA
567,2025-09-15,47.43,4691.76,16,ACEPTADA
568,2025-10-02,52.08,2677.03,11,ACEPTADA
569,2025-04-14,74.77,3815.31,12,ACEPTADA
570,2025-10-10,75.42,4575.04,12,ACEPTADA
571,2025-02-09,84.04,4083.26,14,ACEPTADA
572,2025-07-28,92.29,4426.83,7,ACEPTADA
573,2025-04-18,21.40,4397.56,14,ACEPTADA
574,2025-09-24,91.71,2966.56,20,ACEPTADA
575,2025-03-03,21.11,2531.04,18,ACEPTADA
576,2025-10-18,23.15,1843.08,12,ACEPTADA
577,2025-05-11,64.24,1327.73,1,ACEPTADA
578,2025-01-25,54.41,615.00,2,ACEPTADA
579,2025-03-13,38.00,600.57,12,ACEPTADA
580,2025-05-18,93.63,841.30,2,ACEPTADA
581,2025-02-27,51.86,2048.20,12,ACEPTADA
582,2025-02-13,36.37,3087.38,19,ACEPTADA
583,2025-04-21,94.49,764.27,19,ACEPTADA
584,2025-04-08,73.86,1197.15,5,ACEPTADA
585,2025-02-06,38.12,4643.22,19,ACEPTADA
586,2025-01-22,69.17,806.06,1,ACEPTADA
587,2025-03-07,61.85,2605.43,2,ACEPTADA
588,2025-02-20,21.43,3085.45,14,ACEPTADA
589,2025-07-06,97.25,2889.94,13,ACEPTADA
590,2025-05-02,54.76,4921.05,10,ACEPTADA
591,2025-06-19,10.43,4689.49,4,ACEPTADA
592,2025-09-05,55.28,4576.77,11,ACEPTADA
593,2025-08-16,97.03,1158.38,17,ACEPTADA
594,2025-03-11,25.16,4180.97,3,ACEPTADA
595,2025-09-16,80.68,4815.27,6,ACEPTADA
596,2025-02-10,82.64,2224.09,13,ACEPTADA
597,2025-02-24,76.85,897.80,3,ACEPTADA
598,2025-03-13,41.28,3070.54,2,ACEPTADA
599,2025-01-03,62.51,1082.26,12,ACEPTADA
600,2025-04-17,96.04,1065.56,13,ACEPTADA
601,2025-06-14,62.29,2630.94,19,ACEPTADA
602,2025-02-15,92.38,4316.54,10,ACEPTADA
603,2025-01-10,32.95,4776.38,17,ACEPTADA
604,2025-08-22,97.02,2339.14,8,ACEPTADA
605,2025-04-26,40.10,2346.17,8,ACEPTADA
606,2025-05-28,93.69,4195.64,16,ACEPTADA
607,2025-05-15,13.86,2600.00,5,ACEPTADA
608,2025-07-24,10.65,4616.34,14,ACEPTADA
609,2025-05-23,54.63,925.94,9,ACEPTADA
610,2025-10-06,29.25,2004.64,15,ACEPTADA
611,2025-07-06,19.34,4826.92,13,ACEPTADA
612,2025-09-29,22.69,3744.34,17,ACEPTADA
613,2025-08-25,23.11,663.93,1,ACEPTADA
614,2025-03-20,42.95,2703.00,18,ACEPTADA
615,2025-02-15,66.93,2460.73,1,ACEPTADA
616,2025-02-24,28.95,1368.08,9,ACEPTADA
617,2025-07-17,24.23,3772.46,12,ACEPTADA
618,2025-02-02,70.22,1147.50,11,ACEPTADA
619,2025-07-12,58.68,3592.62,2,ACEPTADA
620,2025-04-20,48.59,3341.07,15,ACEPTADA
621,2025-01-07,87.04,4746.38,6,ACEPTADA
622,2025-01-25,79.64,3555.03,13,ACEPTADA
623,2025-03-28,39.25,1827.81,16,ACEPTADA
624,2025-03-03,46.69,1257.09,9,ACEPTADA
625,2025-10-19,53.13,563.19,6,ACEPTADA
626,2025-02-08,60.49,4614.79,10,ACEPTADA
627,2025-06-04,98.86,797.75,7,ACEPTADA
628,2025-04-03,62.78,1346.26,1,ACEPTADA
629,2025-01-13,49.74,3262.33,20,ACEPTADA
630,2025-02-07,39.90,1697.20,20,ACEPTADA
631,2025-01-31,59.10,3126.66,17,ACEPTADA
632,2025-07-04,26.90,3746.83,6,ACEPTADA
633,2025-07-29,61.10,3489.89,7,ACEPTADA
634,2025-03-02,94.55,908.83,1,ACEPTADA
635,2025-06-22,43.55,2171.30,7,ACEPTADA
636,2025-05-23,17.50,4873.84,16,ACEPTADA
637,2025-10-22,19.75,1895.41,17,ACEPTADA
638,2025-09-08,69.31,1703.50,6,ACEPTADA
639,2025-04-20,43.33,4963.00,3,ACEPTADA
640,2025-02-09,48.15,4950.98,6,ACEPTADA
641,2025-02-27,94.19,3008.03,17,ACEPTADA
642,2025-07-30,25.46,1392.12,4,ACEPTADA
643,2025-09-17,26.22,1097.31,7,ACEPTADA
644,2025-09-29,89.23,527.16,8,ACEPTADA
645,2025-09-27,21.50,3516.66,8,ACEPTADA
646,2025-05-31,31.62,4957.09,4,ACEPTADA
647,2025-06-26,91.77,1235.86,12,ACEPTADA
648,2025-08-04,98.30,1947.00,15,ACEPTADA
649,2025-02-09,96.11,1908.61,17,ACEPTADA
650,2025-09-22,60.85,2962.11,4,ACEPTADA
651,2025-07-12,17.42,3454.16,6,ACEPTADA
652,2025-07-31,57.79,797.41,15,ACEPTADA
653,2025-05-11,21.05,1306.51,3,ACEPTADA
654,2025-03-03,96.63,1874.05,19,ACEPTADA
655,2025-09-21,82.83,1336.11,16,ACEPTADA
656,2025-01-27,78.88,1493.61,6,ACEPTADA
657,2025-04-06,86.41,4942.91,19,ACEPTADA
658,2025-02-23,41.31,2617.36,13,ACEPTADA
659,2025-03-24,39.66,2093.29,3,ACEPTADA
660,2025-09-20,62.25,3516.60,7,ACEPTADA
661,2025-03-04,89.29,4103.42,3,ACEPTADA
662,2025-09-12,93.76,2457.74,17,ACEPTADA
663,2025-07-14,19.30,1736.02,8,ACEPTADA
664,2025-07-13,60.30,760.30,20,ACEPTADA
665,2025-08-29,98.79,3859.44,11,ACEPTADA
666,2025-03-10,82.29,4809.70,14,ACEPTADA
667,2025-09-24,20.74,2132.48,20,ACEPTADA
668,2025-01-22,18.68,4866.07,5,ACEPTADA
669,2025-02-28,28.73,3690.37,4,ACEPTADA
670,2025-07-03,63.48,3891.13,16,ACEPTADA
671,2025-07-17,98.73,1266.40,5,ACEPTADA
672,2025-01-08,97.13,3657.39,7,ACEPTADA
673,2025-03-09,63.68,1805.29,9,ACEPTADA
674,2025-01-24,45.96,1967.30,14,ACEPTADA
675,2025-10-05,24.47,2742.53,15,ACEPTADA
676,2025-05-26,53.51,1795.39,6,ACEPTADA
677,2025-04-10,87.94,4657.22,7,ACEPTADA
678,2025-04-21,90.63,3111.02,20,ACEPTADA
679,2025-06-26,81.64,3767.41,5,ACEPTADA
680,2025-03-05,45.91,1413.50,4,ACEPTADA
681,2025-04-19,38.03,3944.08,2,ACEPTADA
682,2025-10-11,29.33,4411.86,9,ACEPTADA
683,2025-08-14,22.19,961.18,2,ACEPTADA
684,2025-08-11,83.68,3380.21,8,ACEPTADA
685,2025-05-31,32.59,1414.14,3,ACEPTADA
686,2025-07-03,97.22,2623.77,16,ACEPTADA
687,2025-09-30,19.84,2179.76,20,ACEPTADA
688,2025-03-11,30.93,2911.76,8,ACEPTADA
689,2025-07-14,36.61,4336.88,2,ACEPTADA
690,2025-01-02,70.40,4247.47,11,ACEPTADA
691,2025-07-31,55.23,1711.09,2,ACEPTADA
692,2025-10-21,66.86,4868.43,5,ACEPTADA
693,2025-03-15,77.19,2783.54,3,ACEPTADA
694,2025-08-01,90.22,1629.13,7,ACEPTADA
695,2025-07-24,26.05,3050.67,17,ACEPTADA
696,2025-09-24,44.62,2184.69,16,ACEPTADA
697,2025-06-04,99.62,951.63,18,ACEPTADA
698,2025-03-09,77.03,972.02,16,ACEPTADA
699,2025-01-12,36.30,1403.04,7,ACEPTADA
700,2025-03-18,68.87,2133.67,19,ACEPTADA
701,2025-08-31,47.77,818.66,14,ACEPTADA
702,2025-05-16,59.89,3342.29,6,ACEPTADA
703,2025-08-01,89.78,3828.79,3,ACEPTADA
704,2025-10-01,16.48,1215.54,12,ACEPTADA
705,2025-09-15,50.27,1486.19,13,ACEPTADA
706,2025-05-05,29.99,2455.50,1,ACEPTADA
707,2025-03-03,70.79,4543.64,12,ACEPTADA
708,2025-04-09,57.21,3102.71,12,ACEPTADA
709,2025-02-20,99.16,897.89,11,ACEPTADA
710,2025-03-19,61.94,1281.76,4,ACEPTADA
711,2025-07-26,62.49,3310.31,19,ACEPTADA
712,2025-01-01,58.65,4015.11,14,ACEPTADA
713,2025-07-12,60.10,1199.83,8,ACEPTADA
714,2025-02-10,58.52,996.65,17,ACEPTADA
715,2025-04-25,52.24,3021.52,13,ACEPTADA
716,2025-02-16,15.42,4498.26,19,ACEPTADA
717,2025-06-28,46.26,1867.81,1,ACEPTADA
718,2025-03-20,61.54,2811.20,20,ACEPTADA
719,2025-01-20,74.72,4273.88,9,ACEPTADA
720,2025-07-22,97.20,3940.98,16,ACEPTADA
721,2025-08-06,83.39,4515.89,11,ACEPTADA
722,2025-10-27,44.79,4352.63,7,ACEPTADA
723,2025-02-11,27.50,2236.33,1,ACEPTADA
724,2025-07-31,16.58,2193.41,1,ACEPTADA
725,2025-06-15,16.17,3295.25,11,ACEPTADA
726,2025-04-10,61.72,727.29,17,ACEPTADA
727,2025-07-21,98.68,1413.77,7,ACEPTADA
728,2025-06-28,90.35,3066.78,9,ACEPTADA
729,2025-09-09,29.26,1719.28,18,ACEPTADA
730,2025-10-20,31.63,3404.13,11,ACEPTADA
731,2025-01-20,75.52,2655.68,9,ACEPTADA
732,2025-09-29,99.48,2527.96,5,ACEPTADA
733,2025-05-29,23.30,3020.49,11,ACEPTADA
734,2025-01-21,67.14,2970.27,6,ACEPTADA
735,2025-04-26,69.02,2520.67,4,ACEPTADA
736,2025-07-02,29.20,4682.70,8,ACEPTADA
737,2025-02-02,87.86,3572.35,20,ACEPTADA
738,2025-01-13,71.47,2001.55,12,ACEPTADA
739,2025-10-09,28.72,2535.96,9,ACEPTADA
740,2025-06-14,43.20,4691.78,13,ACEPTADA
741,2025-10-27,50.94,3010.30,15,ACEPTADA
742,2025-10-27,39.27,1218.79,11,ACEPTADA
743,2025-05-11,69.50,1444.05,11,ACEPTADA
744,2025-05-25,47.55,4375.24,13,ACEPTADA
745,2025-05-03,10.02,4772.15,20,ACEPTADA
746,2025-06-08,40.51,4830.14,4,ACEPTADA
747,2025-08-25,63.43,4568.70,4,ACEPTADA
748,2025-04-24,85.75,3449.00,12,ACEPTADA
749,2025-06-16,44.00,3787.59,16,ACEPTADA
750,2025-09-02,16.48,3587.10,19,ACEPTADA
751,2025-02-06,43.71,3707.13,11,ACEPTADA
752,2025-10-05,70.03,2046.11,3,ACEPTADA
753,2025-07-10,72.43,3096.17,6,ACEPTADA
754,2025-01-24,46.50,3257.44,14,ACEPTADA
755,2025-08-28,93.76,4067.87,1,ACEPTADA
756,2025-01-20,96.69,693.36,19,ACEPTADA
757,2025-10-11,89.95,3778.09,7,ACEPTADA
758,2025-02-17,59.57,2712.60,15,ACEPTADA
759,2025-03-18,87.64,3631.64,11,ACEPTADA
760,2025-03-12,68.18,3612.24,4,ACEPTADA
761,2025-02-13,41.56,1843.11,17,ACEPTADA
762,2025-01-01,95.48,1703.57,2,ACEPTADA
763,2025-07-29,71.13,1850.87,13,ACEPTADA
764,2025-06-08,71.36,3337.85,12,ACEPTADA
765,2025-04-18,22.01,1193.73,16,ACEPTADA
766,2025-02-12,46.55,1654.80,8,ACEPTADA
767,2025-09-10,43.92,886.92,2,ACEPTADA
768,2025-08-10,31.82,759.65,10,ACEPTADA
769,2025-07-16,27.83,3384.03,1,ACEPTADA
770,2025-03-30,59.93,2765.81,10,ACEPTADA
771,2025-09-10,26.65,3109.32,3,ACEPTADA
772,2025-01-17,59.81,3927.13,17,ACEPTADA
773,2025-09-14,63.89,2777.89,4,ACEPTADA
774,2025-05-08,99.10,1638.70,17,ACEPTADA
775,2025-10-20,87.14,1315.36,8,ACEPTADA
776,2025-07-03,81.89,1081.72,19,ACEPTADA
777,2025-06-10,49.36,2907.50,4,ACEPTADA
778,2025-09-01,23.40,4958.46,18,ACEPTADA
779,2025-10-05,87.72,2074.89,9,ACEPTADA
780,2025-01-09,88.24,2767.23,3,ACEPTADA
781,2025-07-31,24.02,4080.96,10,ACEPTADA
782,2025-08-21,24.82,1640.85,16,ACEPTADA
783,2025-04-13,42.76,2737.87,3,ACEPTADA
784,2025-01-27,83.12,4305.07,14,ACEPTADA
785,2025-07-30,71.58,4361.83,10,ACEPTADA
786,2025-06-01,85.65,1436.86,16,ACEPTADA
787,2025-09-29,73.38,1617.23,8,ACEPTADA
788,2025-02-26,82.47,2835.92,12,ACEPTADA
789,2025-07-01,31.28,576.49,6,ACEPTADA
790,2025-08-02,42.21,970.02,16,ACEPTADA
791,2025-07-05,69.55,4175.74,16,ACEPTADA
792,2025-06-23,10.09,4091.07,5,ACEPTADA
793,2025-05-01,70.10,4176.96,9,ACEPTADA
794,2025-09-22,18.98,2569.89,3,ACEPTADA
795,2025-03-20,94.94,3628.14,9,ACEPTADA
796,2025-04-19,61.09,3442.36,2,ACEPTADA
797,2025-03-30,91.60,1681.63,17,ACEPTADA
798,2025-09-17,51.45,958.85,5,ACEPTADA
799,2025-10-21,14.43,569.32,12,ACEPTADA
800,2025-08-07,18.44,4061.36,18,ACEPTADA
801,2025-08-29,95.78,2860.61,11,ACEPTADA
802,2025-09-15,23.58,2301.66,15,ACEPTADA
803,2025-09-13,52.18,4977.11,10,ACEPTADA
804,2025-07-14,98.94,1558.62,16,ACEPTADA
805,2025-07-26,21.33,4725.87,15,ACEPTADA
806,2025-10-12,91.53,4175.57,9,ACEPTADA
807,2025-08-25,71.98,996.75,14,ACEPTADA
808,2025-04-18,93.35,4536.13,6,ACEPTADA
809,2025-02-21,79.77,4947.45,20,ACEPTADA
810,2025-09-21,49.23,1101.54,5,ACEPTADA
811,2025-09-01,85.24,4144.59,7,ACEPTADA
812,2025-01-03,15.48,4782.80,12,ACEPTADA
813,2025-06-22,62.01,4226.20,20,ACEPTADA
814,2025-04-18,59.34,2589.41,1,ACEPTADA
815,2025-09-11,79.35,3748.13,5,ACEPTADA
816,2025-03-02,29.61,1971.28,8,ACEPTADA
817,2025-02-17,81.75,4837.37,3,ACEPTADA
818,2025-02-14,83.42,2927.39,4,ACEPTADA
819,2025-08-26,24.01,4213.15,20,ACEPTADA
820,2025-10-16,97.41,1025.10,7,ACEPTADA
821,2025-09-05,32.02,2860.27,14,ACEPTADA
822,2025-01-06,24.43,541.18,8,ACEPTADA
823,2025-09-11,94.15,1145.79,20,ACEPTADA
824,2025-06-06,10.89,3829.90,10,ACEPTADA
825,2025-04-03,90.85,2562.39,19,ACEPTADA
826,2025-08-03,13.81,1887.16,8,ACEPTADA
827,2025-09-29,63.78,3493.17,2,ACEPTADA
828,2025-04-05,20.71,4481.07,13,ACEPTADA
829,2025-08-08,18.36,2885.42,17,ACEPTADA
830,2025-02-08,85.05,4879.14,7,ACEPTADA
831,2025-01-13,18.37,4227.59,8,ACEPTADA
832,2025-06-27,74.69,892.34,13,ACEPTADA
833,2025-02-06,57.29,4673.73,19,ACEPTADA
834,2025-10-18,93.86,1001.41,15,ACEPTADA
835,2025-01-15,75.52,2386.69,5,ACEPTADA
836,2025-07-12,60.42,1456.54,2,ACEPTADA
837,2025-02-27,11.73,3644.14,16,ACEPTADA
838,2025-02-05,81.48,4985.87,17,ACEPTADA
839,2025-01-18,66.93,1993.53,3,ACEPTADA
840,2025-04-08,90.24,2027.16,3,ACEPTADA
841,2025-01-22,85.20,2013.82,9,ACEPTADA
842,2025-10-01,87.05,4891.49,13,ACEPTADA
843,2025-04-03,63.44,1554.39,7,ACEPTADA
844,2025-08-15,14.60,4332.06,17,ACEPTADA
845,2025-05-17,78.36,4270.60,5,ACEPTADA
846,2025-06-20,29.23,4635.01,19,ACEPTADA
847,2025-08-18,18.66,4399.67,10,ACEPTADA
848,2025-06-06,60.38,2607.26,2,ACEPTADA
849,2025-04-08,36.20,4716.18,15,ACEPTADA
850,2025-03-17,73.63,2917.18,7,ACEPTADA
851,2025-07-23,45.14,1926.39,11,RECHAZADA
852,2025-05-31,56.72,663.13,14,RECHAZADA
853,2025-07-02,32.63,4559.01,7,RECHAZADA
854,2025-06-16,94.62,4024.09,19,RECHAZADA
855,2025-03-24,38.18,4192.49,10,RECHAZADA
856,2025-09-17,21.14,1144.44,7,RECHAZADA
857,2025-01-02,62.21,3838.52,12,RECHAZADA
858,2025-04-27,91.06,1099.49,2,RECHAZADA
859,2025-06-10,31.19,3436.83,18,RECHAZADA
860,2025-06-25,99.73,2556.58,1,RECHAZADA
861,2025-03-31,45.45,1756.46,3,RECHAZADA
862,2025-07-30,71.96,2105.59,12,RECHAZADA
863,2025-02-20,66.07,2205.57,12,RECHAZADA
864,2025-01-22,35.78,4904.56,4,RECHAZADA
865,2025-05-18,43.85,1932.07,10,RECHAZADA
866,2025-09-23,62.12,3687.65,1,RECHAZADA
867,2025-06-30,60.46,1038.81,8,RECHAZADA
868,2025-06-10,35.17,1396.28,1,RECHAZADA
869,2025-10-20,75.19,673.79,8,RECHAZADA
870,2025-07-14,65.29,3903.47,11,RECHAZADA
871,2025-10-06,34.15,1531.73,18,RECHAZADA
872,2025-08-28,40.38,1087.03,10,RECHAZADA
873,2025-01-23,14.00,3469.13,7,RECHAZADA
874,2025-08-02,58.72,1346.89,16,RECHAZADA
875,2025-03-03,14.14,4864.61,12,RECHAZADA
876,2025-08-19,41.50,959.56,20,RECHAZADA
877,2025-08-11,50.53,3118.25,15,RECHAZADA
878,2025-09-23,89.24,4712.08,3,RECHAZADA
879,2025-07-13,72.18,1992.14,2,RECHAZADA
880,2025-10-18,81.27,596.72,17,RECHAZADA
881,2025-06-01,27.48,4114.92,19,TASACION
882,2025-03-01,80.25,3625.83,10,TASACION
883,2025-05-06,11.76,2058.04,1,TASACION
884,2025-08-02,72.40,3912.21,5,TASACION
885,2025-05-01,88.10,3638.53,10,TASACION
886,2025-03-01,80.55,4840.24,3,TASACION
887,2025-01-27,11.23,4788.73,16,TASACION
888,2025-09-07,36.94,677.00,1,TASACION
889,2025-09-04,68.62,1990.09,13,TASACION
890,2025-06-30,30.27,2217.29,11,TASACION
891,2025-10-18,33.22,1355.99,17,TASACION
892,2025-08-08,39.53,602.10,5,TASACION
893,2025-08-21,17.19,3470.22,7,TASACION
894,2025-09-05,87.47,776.64,10,TASACION
895,2025-01-13,50.86,2385.81,5,TASACION
896,2025-08-22,30.08,2367.46,18,TASACION
897,2025-04-14,45.46,4933.60,18,TASACION
898,2025-10-09,53.88,4058.23,1,TASACION
899,2025-07-12,79.18,2871.10,19,TASACION
900,2025-08-07,47.41,4265.62,6,TASACION
901,2025-09-03,57.07,1184.76,3,ACEPTADA
902,2025-01-28,45.12,2010.84,1,ACEPTADA
903,2025-10-19,45.55,4964.56,2,ACEPTADA
904,2025-08-28,20.91,2496.25,9,ACEPTADA
905,2025-09-04,72.85,4208.64,10,ACEPTADA
906,2025-04-19,94.66,4643.16,6,ACEPTADA
907,2025-02-11,88.73,509.85,16,ACEPTADA
908,2025-01-15,39.15,508.48,18,ACEPTADA
909,2025-02-22,83.85,4769.74,14,ACEPTADA
910,2025-01-07,10.99,3995.02,10,ACEPTADA
911,2025-10-22,34.45,1059.88,15,ACEPTADA
912,2025-09-29,52.83,1313.78,5,ACEPTADA
913,2025-03-20,64.65,946.94,3,ACEPTADA
914,2025-06-18,60.52,3245.23,16,ACEPTADA
915,2025-07-19,11.40,3495.43,4,ACEPTADA
916,2025-07-03,44.08,4558.34,19,ACEPTADA
917,2025-10-14,94.92,1844.31,6,ACEPTADA
918,2025-04-18,25.27,2464.02,15,ACEPTADA
919,2025-02-19,92.84,601.26,2,ACEPTADA
920,2025-01-22,14.80,4291.37,5,ACEPTADA
921,2025-01-18,64.03,3442.26,15,ACEPTADA
922,2025-03-06,10.51,4600.78,14,ACEPTADA
923,2025-04-08,22.38,4183.73,8,ACEPTADA
924,2025-02-11,25.59,4240.90,12,ACEPTADA
925,2025-05-12,91.79,1982.97,10,ACEPTADA
926,2025-05-22,38.85,1318.01,20,ACEPTADA
927,2025-10-15,36.78,509.67,19,ACEPTADA
928,2025-10-07,88.75,2664.83,5,ACEPTADA
929,2025-06-26,73.24,3359.69,2,ACEPTADA
930,2025-03-13,35.17,3281.14,2,ACEPTADA
931,2025-09-15,45.98,4507.70,15,ACEPTADA
932,2025-10-02,99.79,3555.19,16,ACEPTADA
933,2025-05-16,24.22,1738.58,19,ACEPTADA
934,2025-04-03,25.55,4213.89,5,ACEPTADA
935,2025-02-03,48.11,3593.45,3,ACEPTADA
936,2025-10-20,24.88,1198.57,19,ACEPTADA
937,2025-07-20,53.10,1727.73,8,ACEPTADA
938,2025-02-12,13.63,4832.61,19,ACEPTADA
939,2025-08-10,45.08,655.35,7,ACEPTADA
940,2025-02-12,17.52,4853.84,10,ACEPTADA
941,2025-08-20,75.00,1435.74,3,ACEPTADA
942,2025-04-08,37.07,3657.48,3,ACEPTADA
943,2025-08-24,64.08,1251.45,8,ACEPTADA
944,2025-01-25,78.48,974.67,14,ACEPTADA
945,2025-10-07,76.80,4598.61,2,ACEPTADA
946,2025-10-28,36.04,3811.59,16,ACEPTADA
947,2025-02-16,11.90,829.86,1,ACEPTADA
948,2025-10-22,16.10,1284.53,13,ACEPTADA
949,2025-04-18,75.16,2748.35,10,ACEPTADA
950,2025-02-05,63.92,4251.49,9,ACEPTADA
951,2025-09-13,41.16,4540.76,18,ACEPTADA
952,2025-04-24,35.08,2882.34,7,ACEPTADA
953,2025-10-27,52.67,3964.12,8,ACEPTADA
954,2025-07-21,93.24,3849.03,9,ACEPTADA
955,2025-10-11,40.06,860.28,19,ACEPTADA
956,2025-08-05,70.62,4950.68,12,ACEPTADA
957,2025-06-01,44.97,2736.65,9,ACEPTADA
958,2025-01-26,35.96,4649.47,7,ACEPTADA
959,2025-01-09,89.06,4234.36,12,ACEPTADA
960,2025-04-22,89.35,2041.40,8,ACEPTADA
961,2025-05-21,35.22,4685.56,16,ACEPTADA
962,2025-02-05,23.23,2642.76,11,ACEPTADA
963,2025-09-23,25.13,4928.84,11,ACEPTADA
964,2025-05-05,41.96,1341.05,8,ACEPTADA
965,2025-08-13,24.60,1017.82,1,ACEPTADA
966,2025-02-12,15.81,3891.71,12,ACEPTADA
967,2025-08-26,20.09,2806.25,12,ACEPTADA
968,2025-09-24,12.21,4872.27,15,ACEPTADA
969,2025-03-10,65.90,2900.63,13,ACEPTADA
970,2025-08-16,42.75,3018.98,1,ACEPTADA
971,2025-06-22,51.07,827.79,2,ACEPTADA
972,2025-08-06,89.73,4752.13,5,ACEPTADA
973,2025-06-05,39.84,4888.74,17,ACEPTADA
974,2025-07-12,72.08,4498.23,7,ACEPTADA
975,2025-03-11,17.52,2503.48,9,ACEPTADA
976,2025-09-07,61.18,3074.81,3,ACEPTADA
977,2025-06-25,90.94,4009.19,13,ACEPTADA
978,2025-01-03,51.98,2115.41,16,ACEPTADA
979,2025-04-30,18.36,2108.99,3,ACEPTADA
980,2025-08-11,98.49,2696.10,9,ACEPTADA
981,2025-09-02,93.94,4675.45,3,ACEPTADA
982,2025-05-31,33.79,636.28,2,ACEPTADA
983,2025-03-31,46.80,2042.15,4,ACEPTADA
984,2025-09-12,18.73,1379.78,18,ACEPTADA
985,2025-02-09,88.03,2288.55,3,ACEPTADA
986,2025-02-12,34.39,3543.93,19,ACEPTADA
987,2025-09-06,96.23,4525.16,7,ACEPTADA
988,2025-04-09,75.84,1979.17,13,ACEPTADA
989,2025-08-06,19.77,685.68,19,ACEPTADA
990,2025-02-26,89.97,3033.79,2,ACEPTADA
991,2025-07-16,25.23,3479.15,7,ACEPTADA
992,2025-08-26,78.10,2798.69,3,ACEPTADA
993,2025-09-12,22.15,952.22,20,ACEPTADA
994,2025-03-21,20.81,2470.52,6,ACEPTADA
995,2025-06-06,86.45,2662.15,4,ACEPTADA
996,2025-08-18,83.17,2402.56,11,ACEPTADA
997,2025-03-01,37.76,600.30,6,ACEPTADA
998,2025-08-15,49.25,4436.95,7,ACEPTADA
999,2025-10-11,76.87,2926.59,11,ACEPTADA
1000,2025-09-23,59.43,1574.46,12,ACEPTADA
1001,2025-10-13,48.24,3754.24,14,ACEPTADA
1002,2025-08-27,13.61,693.73,5,ACEPTADA
1003,2025-09-21,86.96,907.68,20,ACEPTADA
1004,2025-09-07,59.95,1425.28,6,ACEPTADA
1005,2025-02-25,63.26,3225.02,13,ACEPTADA
1006,2025-10-23,18.58,2021.41,17,ACEPTADA
1007,2025-05-30,86.78,3010.77,1,ACEPTADA
1008,2025-07-06,65.34,4609.53,8,ACEPTADA
1009,2025-08-08,20.90,2597.26,9,ACEPTADA
1010,2025-07-16,39.08,3798.49,7,ACEPTADA
1011,2025-05-20,81.61,740.07,11,ACEPTADA
1012,2025-09-23,82.99,3952.39,19,ACEPTADA
1013,2025-03-15,17.43,1034.30,7,ACEPTADA
1014,2025-10-13,25.14,1250.64,7,ACEPTADA
1015,2025-01-11,19.26,2561.76,9,ACEPTADA
1016,2025-04-05,33.72,3999.98,16,ACEPTADA
1017,2025-05-11,80.92,2493.07,18,ACEPTADA
1018,2025-03-06,87.15,2530.15,13,ACEPTADA
1019,2025-10-10,37.13,1055.17,3,ACEPTADA
1020,2025-05-03,69.54,1234.97,15,ACEPTADA
1021,2025-05-20,78.24,4735.37,10,ACEPTADA
1022,2025-04-17,59.30,3106.49,8,ACEPTADA
1023,2025-07-05,83.30,3522.41,17,ACEPTADA
1024,2025-10-21,17.75,4706.08,20,ACEPTADA
1025,2025-09-26,46.06,1425.09,10,ACEPTADA
1026,2025-09-21,43.10,1024.78,15,ACEPTADA
1027,2025-10-05,49.70,1577.80,1,ACEPTADA
1028,2025-05-12,86.69,4369.60,11,ACEPTADA
1029,2025-02-18,75.20,1546.30,3,ACEPTADA
1030,2025-09-30,21.65,1813.60,20,ACEPTADA
1031,2025-10-20,97.83,2242.01,7,ACEPTADA
1032,2025-06-28,97.83,2612.04,8,ACEPTADA
1033,2025-10-15,83.65,1179.31,6,ACEPTADA
1034,2025-10-01,61.50,716.55,10,ACEPTADA
1035,2025-01-29,24.36,1315.93,3,ACEPTADA
1036,2025-01-19,96.65,4461.58,9,ACEPTADA
1037,2025-02-12,53.02,4759.12,12,ACEPTADA
1038,2025-04-14,87.70,4753.40,14,ACEPTADA
1039,2025-10-27,66.05,2221.82,8,ACEPTADA
1040,2025-01-04,42.94,1167.59,1,ACEPTADA
1041,2025-03-01,25.97,2823.00,16,ACEPTADA
1042,2025-08-11,21.49,2800.88,19,ACEPTADA
1043,2025-08-07,68.23,1727.99,16,ACEPTADA
1044,2025-05-26,31.27,2943.88,19,ACEPTADA
1045,2025-07-26,17.80,1427.67,9,ACEPTADA
1046,2025-01-19,27.38,1733.39,8,ACEPTADA
1047,2025-01-21,63.81,1133.40,12,ACEPTADA
1048,2025-02-16,84.93,3117.78,2,ACEPTADA
1049,2025-09-16,20.46,922.64,16,ACEPTADA
1050,2025-10-09,55.81,4631.46,8,ACEPTADA
1051,2025-07-27,78.99,4651.31,10,ACEPTADA
1052,2025-10-08,95.14,4497.98,5,ACEPTADA
1053,2025-03-25,26.72,3568.89,3,ACEPTADA
1054,2025-01-18,48.28,1794.99,11,ACEPTADA
1055,2025-03-31,85.69,553.48,8,ACEPTADA
1056,2025-05-16,16.40,2182.26,12,ACEPTADA
1057,2025-02-09,97.55,2424.33,19,ACEPTADA
1058,2025-08-31,47.82,3222.05,12,ACEPTADA
1059,2025-10-19,47.64,2208.81,6,ACEPTADA
1060,2025-02-03,79.46,2572.83,1,ACEPTADA
1061,2025-01-22,28.41,1243.27,19,ACEPTADA
1062,2025-10-03,22.89,3169.25,3,ACEPTADA
1063,2025-01-11,60.38,3495.84,3,ACEPTADA
1064,2025-10-15,67.62,2871.33,19,ACEPTADA
1065,2025-07-13,20.38,4560.50,15,ACEPTADA
1066,2025-08-15,95.13,2748.01,20,ACEPTADA
1067,2025-03-07,88.63,4676.41,5,ACEPTADA
1068,2025-06-29,24.96,1216.91,12,ACEPTADA
1069,2025-03-11,96.87,2915.43,10,ACEPTADA
1070,2025-09-11,68.21,4228.91,14,ACEPTADA
1071,2025-07-22,33.27,2678.35,18,ACEPTADA
1072,2025-03-31,77.88,2444.59,13,ACEPTADA
1073,2025-10-11,27.52,1465.82,11,ACEPTADA
1074,2025-01-26,79.45,1940.10,13,ACEPTADA
1075,2025-06-05,78.84,4445.94,13,ACEPTADA
1076,2025-07-06,18.26,558.58,19,ACEPTADA
1077,2025-07-07,72.63,1545.13,7,ACEPTADA
1078,2025-09-21,31.63,1807.00,15,ACEPTADA
1079,2025-03-20,49.50,3801.55,9,ACEPTADA
1080,2025-02-27,52.71,1398.40,15,ACEPTADA
1081,2025-01-24,60.15,2439.37,19,ACEPTADA
1082,2025-07-07,94.40,1836.08,2,ACEPTADA
1083,2025-07-15,12.32,3398.48,12,ACEPTADA
1084,2025-10-21,68.03,3068.08,16,ACEPTADA
1085,2025-03-25,22.56,3996.80,10,ACEPTADA
1086,2025-05-11,86.82,2820.86,16,ACEPTADA
1087,2025-04-07,99.92,2012.09,3,ACEPTADA
1088,2025-03-24,84.63,4895.22,15,ACEPTADA
1089,2025-02-28,78.67,4257.11,15,ACEPTADA
1090,2025-01-31,26.33,1059.53,20,ACEPTADA
1091,2025-07-11,13.24,3342.40,1,ACEPTADA
1092,2025-07-23,63.03,2556.30,5,ACEPTADA
1093,2025-02-14,70.51,2572.78,11,ACEPTADA
1094,2025-07-31,77.56,3621.35,2,ACEPTADA
1095,2025-06-20,78.92,4018.87,18,ACEPTADA
1096,2025-10-12,47.89,2800.92,15,ACEPTADA
1097,2025-08-20,40.82,3571.32,12,ACEPTADA
1098,2025-10-16,31.90,4736.94,5,ACEPTADA
1099,2025-02-25,22.57,1456.18,16,ACEPTADA
1100,2025-05-21,65.29,4486.99,13,ACEPTADA
1101,2025-07-05,35.42,606.95,13,ACEPTADA
1102,2025-02-07,42.19,4293.42,13,ACEPTADA
1103,2025-05-17,70.04,1674.47,5,ACEPTADA
1104,2025-10-13,99.18,989.72,5,ACEPTADA
1105,2025-05-11,54.83,731.66,10,ACEPTADA
1106,2025-09-21,34.14,654.42,12,ACEPTADA
1107,2025-08-28,87.33,4499.68,6,ACEPTADA
1108,2025-01-23,68.64,1152.03,5,ACEPTADA
1109,2025-10-12,39.96,4556.51,7,ACEPTADA
1110,2025-04-23,74.76,3717.20,10,ACEPTADA
1111,2025-07-09,42.04,1346.59,4,ACEPTADA
1112,2025-03-05,72.36,794.62,19,ACEPTADA
1113,2025-03-05,26.81,4069.64,3,ACEPTADA
1114,2025-09-22,95.26,853.62,18,ACEPTADA
1115,2025-03-20,63.95,2515.96,11,ACEPTADA
1116,2025-02-18,77.69,3066.91,5,ACEPTADA
1117,2025-02-18,48.65,1521.90,7,ACEPTADA
1118,2025-09-30,35.87,1553.19,5,ACEPTADA
1119,2025-04-21,69.56,634.47,14,ACEPTADA
1120,2025-04-11,30.43,3429.30,18,ACEPTADA
1121,2025-02-11,73.47,2885.02,2,ACEPTADA
1122,2025-10-22,97.82,2639.71,16,ACEPTADA
1123,2025-01-04,85.95,1214.45,1,ACEPTADA
1124,2025-02-25,36.30,4153.70,11,ACEPTADA
1125,2025-01-08,30.88,3930.98,3,ACEPTADA
1126,2025-10-27,50.40,3481.51,2,ACEPTADA
1127,2025-08-30,85.48,2208.01,6,ACEPTADA
1128,2025-06-21,86.58,4063.83,7,ACEPTADA
1129,2025-02-06,29.32,904.31,18,ACEPTADA
1130,2025-05-21,68.27,2526.51,14,ACEPTADA
1131,2025-01-14,76.69,4201.04,16,ACEPTADA
1132,2025-10-20,55.85,2289.50,6,ACEPTADA
1133,2025-09-18,22.01,1534.65,20,ACEPTADA
1134,2025-05-26,63.25,3104.98,9,ACEPTADA
1135,2025-05-29,36.34,4196.38,17,ACEPTADA
1136,2025-09-27,49.00,1049.15,11,ACEPTADA
1137,2025-04-03,63.49,3074.14,9,ACEPTADA
1138,2025-02-18,69.01,4114.85,10,ACEPTADA
1139,2025-09-28,24.99,3572.16,19,ACEPTADA
1140,2025-04-02,49.38,1033.82,13,ACEPTADA
1141,2025-01-19,33.38,3621.71,10,ACEPTADA
1142,2025-02-20,55.98,1389.44,4,ACEPTADA
1143,2025-04-23,81.81,2154.74,2,ACEPTADA
1144,2025-05-08,14.63,1875.43,12,ACEPTADA
1145,2025-07-04,87.33,4919.53,7,ACEPTADA
1146,2025-10-06,12.89,1264.04,15,ACEPTADA
1147,2025-02-19,12.46,3760.44,8,ACEPTADA
1148,2025-05-26,45.38,1172.01,17,ACEPTADA
1149,2025-03-21,10.51,4427.37,11,ACEPTADA
1150,2025-05-31,31.75,3886.61,9,ACEPTADA
1151,2025-02-10,91.88,1598.19,19,ACEPTADA
1152,2025-02-17,39.99,2248.11,12,ACEPTADA
1153,2025-06-05,83.76,1755.15,15,ACEPTADA
1154,2025-01-26,54.00,623.56,20,ACEPTADA
1155,2025-03-28,10.54,2624.27,2,ACEPTADA
1156,2025-03-22,86.57,2749.61,19,ACEPTADA
1157,2025-08-06,69.79,1411.84,3,ACEPTADA
1158,2025-05-02,92.49,4684.22,7,ACEPTADA
1159,2025-10-22,74.83,893.02,19,ACEPTADA
1160,2025-06-21,34.31,4316.21,11,ACEPTADA
1161,2025-06-12,74.34,4707.82,17,ACEPTADA
1162,2025-10-27,89.78,4126.92,16,ACEPTADA
1163,2025-02-02,37.57,3747.38,18,ACEPTADA
1164,2025-07-08,22.08,2990.33,12,ACEPTADA
1165,2025-05-13,22.03,3420.04,9,ACEPTADA
1166,2025-09-15,60.36,1544.75,5,ACEPTADA
1167,2025-01-15,70.91,3491.91,17,ACEPTADA
1168,2025-03-12,49.87,1000.10,15,ACEPTADA
1169,2025-08-06,63.91,3388.99,8,ACEPTADA
1170,2025-06-07,68.91,4613.52,4,ACEPTADA
1171,2025-07-08,16.34,3425.54,16,ACEPTADA
1172,2025-06-22,87.28,4487.23,15,ACEPTADA
1173,2025-04-23,69.34,598.77,6,ACEPTADA
1174,2025-07-17,78.94,4083.53,16,ACEPTADA
1175,2025-10-04,49.10,4116.24,13,ACEPTADA
1176,2025-10-09,73.75,3868.84,3,ACEPTADA
1177,2025-02-17,61.00,2713.85,1,ACEPTADA
1178,2025-02-04,78.49,1170.84,5,ACEPTADA
1179,2025-01-05,13.89,2553.06,5,ACEPTADA
1180,2025-05-11,55.26,4746.75,17,ACEPTADA
1181,2025-01-25,52.46,4897.59,1,ACEPTADA
1182,2025-06-19,95.53,4593.29,14,ACEPTADA
1183,2025-04-10,56.80,3164.17,2,ACEPTADA
1184,2025-04-20,52.88,2484.34,12,ACEPTADA
1185,2025-09-26,34.93,4294.87,14,ACEPTADA
1186,2025-07-29,92.98,4165.64,10,ACEPTADA
1187,2025-08-29,27.79,2530.85,1,ACEPTADA
1188,2025-05-31,89.12,1714.77,5,ACEPTADA
1189,2025-07-24,26.65,2838.45,11,ACEPTADA
1190,2025-03-01,97.72,2023.97,7,ACEPTADA
1191,2025-09-29,87.89,4745.63,6,ACEPTADA
1192,2025-07-21,20.60,4444.80,6,ACEPTADA
1193,2025-02-22,63.73,793.76,2,ACEPTADA
1194,2025-01-17,40.44,3179.85,18,ACEPTADA
1195,2025-09-06,49.41,2174.44,13,ACEPTADA
1196,2025-05-22,20.43,2478.67,9,ACEPTADA
1197,2025-04-07,27.83,1338.53,11,ACEPTADA
1198,2025-04-30,90.46,4601.96,5,ACEPTADA
1199,2025-06-07,91.31,3155.61,12,ACEPTADA
1200,2025-04-24,63.82,1742.89,11,ACEPTADA
1201,2025-02-06,34.74,2935.74,15,ACEPTADA
1202,2025-02-22,42.64,1712.52,4,ACEPTADA
1203,2025-04-01,54.31,3250.16,6,ACEPTADA
1204,2025-02-25,20.83,1338.13,7,ACEPTADA
1205,2025-03-14,34.92,1792.74,18,ACEPTADA
1206,2025-01-25,12.05,4374.92,15,ACEPTADA
1207,2025-07-01,63.34,3825.98,12,ACEPTADA
1208,2025-08-13,75.82,4359.99,6,ACEPTADA
1209,2025-06-09,92.80,4382.17,20,ACEPTADA
1210,2025-05-30,49.42,2295.65,19,ACEPTADA
1211,2025-05-04,52.65,3308.03,11,ACEPTADA
1212,2025-05-09,89.51,515.07,18,ACEPTADA
1213,2025-10-28,95.49,4893.18,6,ACEPTADA
1214,2025-05-28,58.76,609.35,8,ACEPTADA
1215,2025-04-25,29.93,902.31,1,ACEPTADA
1216,2025-09-06,90.43,2703.53,16,ACEPTADA
1217,2025-07-02,30.92,4098.86,4,ACEPTADA
1218,2025-05-31,34.86,3755.31,7,ACEPTADA
1219,2025-06-18,42.05,643.62,5,ACEPTADA
1220,2025-10-06,64.81,1751.66,3,ACEPTADA
1221,2025-03-03,58.57,4488.40,20,ACEPTADA
1222,2025-04-19,55.69,1579.90,17,ACEPTADA
1223,2025-09-19,78.47,3284.72,10,ACEPTADA
1224,2025-02-22,35.30,3490.31,18,ACEPTADA
1225,2025-05-30,66.07,2784.55,4,ACEPTADA
1226,2025-05-04,57.66,1923.34,20,ACEPTADA
1227,2025-01-05,57.13,2592.83,16,ACEPTADA
1228,2025-06-17,84.92,2210.73,11,ACEPTADA
1229,2025-04-11,95.86,4656.00,8,ACEPTADA
1230,2025-01-21,75.61,1789.74,17,ACEPTADA
1231,2025-01-18,34.85,2536.19,5,ACEPTADA
1232,2025-06-11,45.69,2331.72,2,ACEPTADA
1233,2025-02-27,15.31,2242.75,5,ACEPTADA
1234,2025-05-13,34.10,3693.70,18,ACEPTADA
1235,2025-04-22,42.16,791.32,2,ACEPTADA
1236,2025-01-17,43.14,3722.39,10,ACEPTADA
1237,2025-10-05,60.13,535.21,14,ACEPTADA
1238,2025-06-14,91.48,951.31,17,ACEPTADA
1239,2025-01-09,70.70,4034.13,10,ACEPTADA
1240,2025-08-31,53.54,4542.69,13,ACEPTADA
1241,2025-05-27,64.61,919.52,20,ACEPTADA
1242,2025-05-29,28.60,4498.70,10,ACEPTADA
1243,2025-02-07,54.31,1324.03,8,ACEPTADA
1244,2025-08-17,77.09,2493.03,13,ACEPTADA
1245,2025-08-26,15.26,3580.27,11,ACEPTADA
1246,2025-10-06,41.40,2084.67,2,ACEPTADA
1247,2025-10-08,60.21,2615.88,20,ACEPTADA
1248,2025-09-20,33.40,2613.83,15,ACEPTADA
1249,2025-05-09,63.43,1378.96,9,ACEPTADA
1250,2025-08-07,28.13,2774.84,17,ACEPTADA
1251,2025-08-17,55.23,3140.33,14,ACEPTADA
1252,2025-07-13,72.24,3349.29,5,ACEPTADA
1253,2025-06-10,65.57,746.43,14,ACEPTADA
1254,2025-04-18,31.63,2658.33,4,ACEPTADA
1255,2025-10-10,41.44,2363.63,1,ACEPTADA
1256,2025-08-14,77.11,3816.66,6,ACEPTADA
1257,2025-04-10,18.88,1266.02,2,ACEPTADA
1258,2025-08-13,55.63,3243.97,17,ACEPTADA
1259,2025-05-10,31.08,3953.80,20,ACEPTADA
1260,2025-09-09,50.94,2765.18,4,ACEPTADA
1261,2025-01-24,86.35,1328.43,1,ACEPTADA
1262,2025-07-30,69.57,2216.69,7,ACEPTADA
1263,2025-07-15,53.30,1084.45,18,ACEPTADA
1264,2025-03-18,17.80,4960.90,9,ACEPTADA
1265,2025-03-12,67.34,1438.37,20,ACEPTADA
1266,2025-02-19,97.20,1921.61,17,ACEPTADA
1267,2025-04-02,39.96,3537.01,11,ACEPTADA
1268,2025-04-07,46.82,4002.21,4,ACEPTADA
1269,2025-03-31,56.01,2404.60,4,ACEPTADA
1270,2025-02-05,78.74,4668.93,20,ACEPTADA
1271,2025-09-22,54.84,2194.33,17,ACEPTADA
1272,2025-01-07,86.82,888.78,5,ACEPTADA
1273,2025-05-18,76.73,523.78,3,ACEPTADA
1274,2025-04-25,80.12,4352.09,4,ACEPTADA
1275,2025-01-24,29.23,2423.28,14,ACEPTADA
1276,2025-02-20,30.38,4513.41,16,ACEPTADA
1277,2025-10-12,83.83,4097.26,3,ACEPTADA
1278,2025-02-02,15.86,3362.66,15,ACEPTADA
1279,2025-09-13,11.26,2912.25,20,ACEPTADA
1280,2025-06-13,54.91,3948.72,6,ACEPTADA
1281,2025-08-30,56.37,4852.69,11,ACEPTADA
1282,2025-08-31,10.79,3697.89,3,ACEPTADA
1283,2025-01-04,11.46,1236.42,6,ACEPTADA
1284,2025-05-22,55.34,1725.20,16,ACEPTADA
1285,2025-03-24,13.31,2282.87,7,ACEPTADA
1286,2025-09-13,59.65,3576.62,16,ACEPTADA
1287,2025-05-08,82.00,4806.44,2,ACEPTADA
1288,2025-04-04,38.11,1688.08,5,ACEPTADA
1289,2025-04-04,25.22,632.37,1,ACEPTADA
1290,2025-06-28,51.09,3973.04,18,ACEPTADA
1291,2025-10-07,96.30,2800.60,14,ACEPTADA
1292,2025-05-17,92.50,4900.65,5,ACEPTADA
1293,2025-05-29,42.86,1679.40,15,ACEPTADA
1294,2025-03-05,33.98,4607.25,18,ACEPTADA
1295,2025-03-15,31.39,4213.56,4,ACEPTADA
1296,2025-01-26,27.20,2117.38,11,ACEPTADA
1297,2025-08-14,53.02,3823.71,10,ACEPTADA
1298,2025-06-15,40.81,2924.72,1,ACEPTADA
1299,2025-03-08,93.10,2233.64,16,ACEPTADA
1300,2025-06-10,78.05,1559.92,12,ACEPTADA
1301,2025-01-30,79.21,4016.08,2,RECHAZADA
1302,2025-03-08,11.45,1878.46,18,RECHAZADA
1303,2025-09-12,84.53,4536.65,3,RECHAZADA
1304,2025-05-16,54.99,1645.93,11,RECHAZADA
1305,2025-07-27,46.66,4393.30,2,RECHAZADA
1306,2025-07-25,89.80,1503.66,5,RECHAZADA
1307,2025-01-23,54.29,4227.22,3,RECHAZADA
1308,2025-09-18,34.88,3618.69,17,RECHAZADA
1309,2025-01-28,83.72,780.65,3,RECHAZADA
1310,2025-07-11,75.70,3350.82,18,RECHAZADA
1311,2025-08-03,27.30,936.07,9,RECHAZADA
1312,2025-04-25,62.63,2063.52,15,RECHAZADA
1313,2025-01-29,53.40,3580.31,4,RECHAZADA
1314,2025-03-08,37.87,724.02,2,RECHAZADA
1315,2025-01-06,82.13,3461.98,12,RECHAZADA
1316,2025-07-09,77.01,3485.62,15,RECHAZADA
1317,2025-03-08,84.78,731.78,1,RECHAZADA
1318,2025-08-10,86.88,770.93,7,RECHAZADA
1319,2025-09-02,84.95,1961.74,3,RECHAZADA
1320,2025-03-09,67.24,4269.74,13,RECHAZADA
1321,2025-06-19,96.29,524.40,16,RECHAZADA
1322,2025-09-16,45.31,1575.22,7,RECHAZADA
1323,2025-08-19,22.39,1518.53,13,RECHAZADA
1324,2025-01-10,88.62,2712.10,3,RECHAZADA
1325,2025-05-27,53.26,3752.87,17,RECHAZADA
1326,2025-04-04,92.52,2232.79,12,RECHAZADA
1327,2025-07-05,91.98,2723.02,17,RECHAZADA
1328,2025-07-03,90.48,1671.72,7,RECHAZADA
1329,2025-10-09,49.57,1939.79,14,RECHAZADA
1330,2025-05-12,41.42,502.38,9,RECHAZADA
1331,2025-09-13,41.06,3468.60,8,TASACION
1332,2025-05-29,87.18,2607.03,14,TASACION
1333,2025-07-31,40.93,4495.14,3,TASACION
1334,2025-02-12,42.80,2714.65,2,TASACION
1335,2025-05-26,25.41,3395.30,19,TASACION
1336,2025-09-09,48.86,3149.63,15,TASACION
1337,2025-07-18,82.41,1659.21,14,TASACION
1338,2025-08-28,75.55,1235.43,15,TASACION
1339,2025-02-02,86.76,3100.22,6,TASACION
1340,2025-07-06,67.50,2642.03,19,TASACION
1341,2025-03-08,42.23,4697.02,7,TASACION
1342,2025-08-08,26.97,1360.85,20,TASACION
1343,2025-10-13,19.17,2377.66,2,TASACION
1344,2025-06-12,16.96,586.57,19,TASACION
1345,2025-03-25,58.41,4312.50,6,TASACION
1346,2025-05-12,17.86,3434.14,17,TASACION
1347,2025-09-27,98.59,613.47,18,TASACION
1348,2025-03-14,82.52,1316.94,6,TASACION
1349,2025-09-20,40.27,4566.00,16,TASACION
1350,2025-04-13,26.48,4548.57,1,TASACION
1351,2025-02-21,47.33,4504.63,5,ACEPTADA
1352,2025-05-01,88.09,919.73,7,ACEPTADA
1353,2025-04-02,67.78,2084.60,1,ACEPTADA
1354,2025-04-16,67.07,4949.43,15,ACEPTADA
1355,2025-09-21,76.73,3531.68,4,ACEPTADA
1356,2025-09-26,64.63,3108.22,14,ACEPTADA
1357,2025-02-26,52.99,3194.16,18,ACEPTADA
1358,2025-06-14,72.26,3017.22,2,ACEPTADA
1359,2025-01-10,92.34,1974.88,8,ACEPTADA
1360,2025-04-05,12.73,1127.27,1,ACEPTADA
1361,2025-06-15,95.74,2965.97,4,ACEPTADA
1362,2025-10-20,49.86,4649.84,8,ACEPTADA
1363,2025-05-18,34.01,3369.98,13,ACEPTADA
1364,2025-02-18,48.75,2702.25,5,ACEPTADA
1365,2025-02-15,34.75,1285.99,4,ACEPTADA
1366,2025-07-10,34.18,2100.54,2,ACEPTADA
1367,2025-07-11,25.75,1393.14,13,ACEPTADA
1368,2025-06-12,24.14,4132.59,16,ACEPTADA
1369,2025-09-24,23.64,3618.25,15,ACEPTADA
1370,2025-02-18,94.82,3112.81,6,ACEPTADA
1371,2025-03-22,54.07,4717.78,10,ACEPTADA
1372,2025-01-29,48.55,2076.57,19,ACEPTADA
1373,2025-04-20,21.12,1282.87,5,ACEPTADA
1374,2025-03-07,70.95,1611.03,17,ACEPTADA
1375,2025-03-28,78.54,4967.55,20,ACEPTADA
1376,2025-09-26,82.31,4896.39,11,ACEPTADA
1377,2025-10-02,97.97,1922.39,7,ACEPTADA
1378,2025-01-05,18.00,972.66,3,ACEPTADA
1379,2025-10-08,67.29,2255.10,12,ACEPTADA
1380,2025-02-01,88.16,723.70,14,ACEPTADA
1381,2025-01-26,82.86,2538.95,16,ACEPTADA
1382,2025-04-24,80.16,4424.17,15,ACEPTADA
1383,2025-01-28,21.69,4919.11,20,ACEPTADA
1384,2025-10-08,61.70,1888.81,1,ACEPTADA
1385,2025-03-09,26.23,4097.94,15,ACEPTADA
1386,2025-01-23,71.76,3920.74,2,ACEPTADA
1387,2025-10-08,39.35,2936.16,15,ACEPTADA
1388,2025-05-02,49.39,3540.58,13,ACEPTADA
1389,2025-04-27,13.08,2251.79,3,ACEPTADA
1390,2025-04-02,46.97,3147.98,17,ACEPTADA
1391,2025-04-13,42.86,1870.61,16,ACEPTADA
1392,2025-08-04,38.33,3461.45,12,ACEPTADA
1393,2025-10-17,29.93,1955.32,3,ACEPTADA
1394,2025-05-20,69.41,4397.70,4,ACEPTADA
1395,2025-02-16,98.54,3349.93,4,ACEPTADA
1396,2025-05-14,45.69,2709.03,4,ACEPTADA
1397,2025-04-09,15.49,4781.33,15,ACEPTADA
1398,2025-06-10,24.68,3993.39,18,ACEPTADA
1399,2025-03-30,29.48,1554.59,11,ACEPTADA
1400,2025-02-03,96.66,2481.66,2,ACEPTADA
1401,2025-02-22,96.80,3956.96,2,ACEPTADA
1402,2025-06-09,57.96,1845.01,8,ACEPTADA
1403,2025-04-22,47.61,4396.13,2,ACEPTADA
1404,2025-05-08,31.26,2916.32,5,ACEPTADA
1405,2025-09-15,51.51,1487.26,14,ACEPTADA
1406,2025-08-14,93.67,4547.99,15,ACEPTADA
1407,2025-03-08,33.06,4114.66,16,ACEPTADA
1408,2025-08-28,43.90,2692.27,13,ACEPTADA
1409,2025-04-09,49.43,4535.89,3,ACEPTADA
1410,2025-05-29,75.55,4558.96,11,ACEPTADA
1411,2025-08-30,58.76,3416.72,17,ACEPTADA
1412,2025-03-30,43.17,3008.35,15,ACEPTADA
1413,2025-08-05,54.10,2072.22,20,ACEPTADA
1414,2025-08-31,66.95,3457.89,13,ACEPTADA
1415,2025-06-01,68.88,4586.01,19,ACEPTADA
1416,2025-02-16,97.84,4480.91,8,ACEPTADA
1417,2025-05-02,95.83,1417.18,7,ACEPTADA
1418,2025-04-09,10.60,1367.51,19,ACEPTADA
1419,2025-10-21,89.64,4501.17,10,ACEPTADA
1420,2025-05-20,16.78,4614.87,20,ACEPTADA
1421,2025-10-08,93.21,1159.90,7,ACEPTADA
1422,2025-08-17,12.55,1363.69,15,ACEPTADA
1423,2025-03-10,63.36,4977.45,4,ACEPTADA
1424,2025-05-14,14.93,2240.64,20,ACEPTADA
1425,2025-07-17,21.20,1031.33,2,ACEPTADA
1426,2025-02-25,85.97,1309.80,8,ACEPTADA
1427,2025-04-16,16.11,3678.96,10,ACEPTADA
1428,2025-04-29,46.09,1011.32,14,ACEPTADA
1429,2025-02-13,78.51,1204.19,20,ACEPTADA
1430,2025-05-29,97.91,585.94,7,ACEPTADA
1431,2025-07-25,21.74,662.01,3,ACEPTADA
1432,2025-03-26,95.58,1451.59,5,ACEPTADA
1433,2025-09-22,12.67,4116.64,2,ACEPTADA
1434,2025-07-23,94.14,3044.21,5,ACEPTADA
1435,2025-09-11,93.84,4300.59,14,ACEPTADA
1436,2025-02-06,10.26,1033.75,11,ACEPTADA
1437,2025-03-02,85.38,2613.39,13,ACEPTADA
1438,2025-02-25,84.58,1726.53,12,ACEPTADA
1439,2025-03-03,79.59,4827.40,10,ACEPTADA
1440,2025-03-14,38.72,1301.59,2,ACEPTADA
1441,2025-04-26,29.96,3339.22,7,ACEPTADA
1442,2025-03-08,44.73,4312.13,12,ACEPTADA
1443,2025-10-04,59.10,953.59,17,ACEPTADA
1444,2025-06-10,53.03,3489.97,12,ACEPTADA
1445,2025-03-06,60.00,1377.34,14,ACEPTADA
1446,2025-04-09,36.60,1275.24,10,ACEPTADA
1447,2025-10-01,54.42,4755.06,12,ACEPTADA
1448,2025-09-14,22.64,4293.46,5,ACEPTADA
1449,2025-01-08,84.75,1268.63,13,ACEPTADA
1450,2025-02-11,48.51,3593.86,2,ACEPTADA
1451,2025-05-26,11.90,2169.71,1,ACEPTADA
1452,2025-08-15,43.73,4781.85,14,ACEPTADA
1453,2025-10-08,77.91,2317.77,16,ACEPTADA
1454,2025-02-23,14.17,3672.93,11,ACEPTADA
1455,2025-02-12,75.94,4926.22,12,ACEPTADA
1456,2025-04-21,79.14,776.66,3,ACEPTADA
1457,2025-02-20,23.32,3321.67,11,ACEPTADA
1458,2025-09-07,79.37,2060.40,8,ACEPTADA
1459,2025-02-11,94.44,2648.86,15,ACEPTADA
1460,2025-06-04,77.39,3939.19,12,ACEPTADA
1461,2025-02-16,21.98,1501.54,8,ACEPTADA
1462,2025-02-11,53.67,1869.75,5,ACEPTADA
1463,2025-09-25,37.86,1229.55,18,ACEPTADA
1464,2025-03-22,61.55,1069.40,20,ACEPTADA
1465,2025-03-28,51.62,1915.45,19,ACEPTADA
1466,2025-08-15,96.40,3389.88,4,ACEPTADA
1467,2025-01-10,56.14,3342.24,13,ACEPTADA
1468,2025-07-15,32.25,3105.90,14,ACEPTADA
1469,2025-01-01,13.53,553.50,15,ACEPTADA
1470,2025-05-08,31.89,1376.70,5,ACEPTADA
1471,2025-04-18,48.25,4936.56,18,ACEPTADA
1472,2025-04-17,82.92,1524.03,14,ACEPTADA
1473,2025-02-08,74.09,1739.72,3,ACEPTADA
1474,2025-08-07,19.90,4233.82,6,ACEPTADA
1475,2025-10-18,69.39,3855.13,20,ACEPTADA
1476,2025-04-12,80.56,3405.43,3,ACEPTADA
1477,2025-05-04,19.94,922.14,2,ACEPTADA
1478,2025-03-27,33.53,3817.68,3,ACEPTADA
1479,2025-07-22,49.93,4243.36,16,ACEPTADA
1480,2025-10-23,96.68,1032.42,17,ACEPTADA
1481,2025-10-13,83.15,4390.11,5,ACEPTADA
1482,2025-03-30,52.71,1671.78,14,ACEPTADA
1483,2025-07-28,45.18,3701.89,17,ACEPTADA
1484,2025-04-04,63.82,4302.82,4,ACEPTADA
1485,2025-06-24,53.95,726.94,10,ACEPTADA
1486,2025-06-14,51.80,2542.90,14,ACEPTADA
1487,2025-02-18,46.36,582.08,11,ACEPTADA
1488,2025-03-22,11.53,2423.17,14,ACEPTADA
1489,2025-05-06,46.25,2083.76,15,ACEPTADA
1490,2025-09-14,55.30,2889.34,13,ACEPTADA
1491,2025-08-14,42.78,4247.98,1,ACEPTADA
1492,2025-08-02,53.64,552.10,2,ACEPTADA
1493,2025-01-31,77.01,3576.90,19,ACEPTADA
1494,2025-08-13,76.87,819.35,18,ACEPTADA
1495,2025-10-03,34.45,4334.29,15,ACEPTADA
1496,2025-10-23,25.56,3499.20,4,ACEPTADA
1497,2025-10-09,72.98,3122.05,5,ACEPTADA
1498,2025-07-28,55.52,1611.25,19,ACEPTADA
1499,2025-03-08,32.35,684.02,2,ACEPTADA
1500,2025-07-18,95.37,2651.25,18,ACEPTADA
1501,2025-02-13,91.16,4189.15,3,ACEPTADA
1502,2025-03-17,93.94,3755.55,5,ACEPTADA
1503,2025-10-17,19.60,3749.62,5,ACEPTADA
1504,2025-10-16,70.03,1100.43,11,ACEPTADA
1505,2025-09-14,33.61,3035.13,11,ACEPTADA
1506,2025-09-27,52.77,3652.92,18,ACEPTADA
1507,2025-04-11,47.96,3283.59,1,ACEPTADA
1508,2025-07-10,59.78,643.46,15,ACEPTADA
1509,2025-10-05,14.32,1847.91,11,ACEPTADA
1510,2025-06-01,51.74,1830.84,11,ACEPTADA
1511,2025-10-25,31.27,1987.69,12,ACEPTADA
1512,2025-07-04,99.26,1113.48,5,ACEPTADA
1513,2025-09-29,23.52,667.85,5,ACEPTADA
1514,2025-04-05,84.25,3210.16,7,ACEPTADA
1515,2025-06-26,85.04,1177.90,3,ACEPTADA
1516,2025-06-03,61.62,1659.38,6,ACEPTADA
1517,2025-03-04,31.40,735.36,14,ACEPTADA
1518,2025-05-18,51.06,4654.70,10,ACEPTADA
1519,2025-04-14,94.23,2006.96,8,ACEPTADA
1520,2025-04-21,50.37,4556.68,10,ACEPTADA
1521,2025-01-18,98.79,3605.92,8,ACEPTADA
1522,2025-10-18,38.53,3798.12,10,ACEPTADA
1523,2025-04-11,63.08,3955.40,11,ACEPTADA
1524,2025-06-17,42.97,4121.90,18,ACEPTADA
1525,2025-03-31,16.41,2403.37,16,ACEPTADA
1526,2025-03-21,32.63,3237.08,13,ACEPTADA
1527,2025-07-29,77.77,1536.12,17,ACEPTADA
1528,2025-10-09,61.75,3389.25,3,ACEPTADA
1529,2025-04-29,95.27,2862.34,2,ACEPTADA
1530,2025-07-19,21.91,1316.89,19,ACEPTADA
1531,2025-03-07,26.20,1525.15,1,ACEPTADA
1532,2025-02-09,83.18,520.77,4,ACEPTADA
1533,2025-08-14,48.82,1936.86,2,ACEPTADA
1534,2025-06-25,37.85,3221.81,6,ACEPTADA
1535,2025-10-13,23.65,2921.73,1,ACEPTADA
1536,2025-07-17,81.72,1886.70,6,ACEPTADA
1537,2025-02-21,16.50,2517.79,5,ACEPTADA
1538,2025-01-08,85.34,698.98,10,ACEPTADA
1539,2025-09-15,67.32,3660.17,2,ACEPTADA
1540,2025-09-17,48.23,2299.31,12,ACEPTADA
1541,2025-01-30,41.60,4224.43,11,ACEPTADA
1542,2025-01-12,99.44,4440.29,8,ACEPTADA
1543,2025-03-05,75.27,3792.81,18,ACEPTADA
1544,2025-06-06,30.12,1310.34,8,ACEPTADA
1545,2025-05-08,72.21,2358.18,13,ACEPTADA
1546,2025-02-25,66.40,1745.62,5,ACEPTADA
1547,2025-04-04,49.86,552.75,7,ACEPTADA
1548,2025-08-04,61.08,3276.17,6,ACEPTADA
1549,2025-05-23,29.31,1741.84,12,ACEPTADA
1550,2025-03-15,65.77,2203.04,16,ACEPTADA
1551,2025-04-15,38.39,2686.24,19,ACEPTADA
1552,2025-09-07,66.11,1063.11,12,ACEPTADA
1553,2025-09-25,24.96,4123.12,17,ACEPTADA
1554,2025-06-21,91.89,2604.77,18,ACEPTADA
1555,2025-09-13,21.55,4075.28,6,ACEPTADA
1556,2025-06-14,86.09,2153.94,12,ACEPTADA
1557,2025-08-09,84.54,3138.41,6,ACEPTADA
1558,2025-05-05,28.75,3430.23,18,ACEPTADA
1559,2025-10-26,75.60,671.92,14,ACEPTADA
1560,2025-01-23,61.16,3632.34,2,ACEPTADA
1561,2025-08-30,59.81,1824.05,18,ACEPTADA
1562,2025-04-21,17.49,1614.02,15,ACEPTADA
1563,2025-02-24,60.74,4519.37,12,ACEPTADA
1564,2025-08-12,86.52,4765.25,3,ACEPTADA
1565,2025-10-17,22.00,1054.50,17,ACEPTADA
1566,2025-02-13,78.23,1390.98,3,ACEPTADA
1567,2025-07-16,31.60,3980.71,8,ACEPTADA
1568,2025-06-07,90.95,3668.05,11,ACEPTADA
1569,2025-04-18,76.56,4226.84,6,ACEPTADA
1570,2025-06-05,56.18,1900.73,7,ACEPTADA
1571,2025-07-29,34.36,2869.29,14,ACEPTADA
1572,2025-09-09,31.25,585.19,14,ACEPTADA
1573,2025-08-09,47.09,4970.98,18,ACEPTADA
1574,2025-04-20,36.08,1719.91,17,ACEPTADA
1575,2025-04-23,26.78,4248.27,12,ACEPTADA
1576,2025-05-29,56.66,2154.33,9,ACEPTADA
1577,2025-07-25,55.80,2846.14,16,ACEPTADA
1578,2025-06-07,68.27,2428.42,16,ACEPTADA
1579,2025-03-31,21.21,3174.16,7,ACEPTADA
1580,2025-08-01,19.69,4372.11,14,ACEPTADA
1581,2025-05-28,61.55,3112.44,12,ACEPTADA
1582,2025-04-14,24.69,1532.92,5,ACEPTADA
1583,2025-09-14,76.40,1806.38,13,ACEPTADA
1584,2025-04-28,81.82,3569.19,9,ACEPTADA
1585,2025-03-20,35.15,734.01,3,ACEPTADA
1586,2025-06-21,72.07,4872.01,20,ACEPTADA
1587,2025-03-01,14.48,979.66,2,ACEPTADA
1588,2025-04-26,13.01,4171.55,16,ACEPTADA
1589,2025-04-01,66.43,4128.09,7,ACEPTADA
1590,2025-01-25,56.43,1672.29,17,ACEPTADA
1591,2025-02-11,19.31,2228.14,12,ACEPTADA
1592,2025-06-06,70.37,3441.14,5,ACEPTADA
1593,2025-10-26,10.36,4940.07,18,ACEPTADA
1594,2025-03-20,44.46,4580.74,2,ACEPTADA
1595,2025-04-21,86.14,1965.27,17,ACEPTADA
1596,2025-03-27,46.20,888.28,10,ACEPTADA
1597,2025-08-10,37.56,3768.79,10,ACEPTADA
1598,2025-06-18,24.32,1944.08,7,ACEPTADA
1599,2025-10-20,99.53,4590.51,12,ACEPTADA
1600,2025-05-20,40.74,4029.13,14,ACEPTADA
1601,2025-03-11,68.54,1257.98,18,ACEPTADA
1602,2025-05-26,26.28,4512.71,14,ACEPTADA
1603,2025-08-31,42.52,1707.13,5,ACEPTADA
1604,2025-02-24,81.67,3712.46,17,ACEPTADA
1605,2025-04-24,18.25,4859.46,18,ACEPTADA
1606,2025-03-29,78.81,4886.36,3,ACEPTADA
1607,2025-06-18,52.28,4976.12,13,ACEPTADA
1608,2025-08-30,93.01,2609.89,12,ACEPTADA
1609,2025-03-19,79.63,2851.33,13,ACEPTADA
1610,2025-04-29,80.32,3519.92,11,ACEPTADA
1611,2025-02-10,33.32,4578.06,12,ACEPTADA
1612,2025-07-08,50.10,4468.36,17,ACEPTADA
1613,2025-08-23,42.70,1042.57,10,ACEPTADA
1614,2025-01-15,68.08,3749.13,2,ACEPTADA
1615,2025-09-05,14.62,3774.92,14,ACEPTADA
1616,2025-08-03,28.63,4390.13,6,ACEPTADA
1617,2025-08-19,96.14,4254.39,1,ACEPTADA
1618,2025-09-27,90.95,4126.37,16,ACEPTADA
1619,2025-04-21,90.97,4992.05,16,ACEPTADA
1620,2025-09-07,89.74,4655.84,11,ACEPTADA
1621,2025-01-19,86.80,668.42,3,ACEPTADA
1622,2025-09-19,37.57,1423.95,15,ACEPTADA
1623,2025-10-28,19.57,3637.64,16,ACEPTADA
1624,2025-07-07,81.11,3145.38,14,ACEPTADA
1625,2025-01-05,14.51,1899.46,2,ACEPTADA
1626,2025-01-19,33.76,545.63,16,ACEPTADA
1627,2025-05-06,16.66,3940.51,9,ACEPTADA
1628,2025-04-02,69.78,1650.26,5,ACEPTADA
1629,2025-04-07,52.98,2053.17,14,ACEPTADA
1630,2025-08-15,57.03,4731.18,20,ACEPTADA
1631,2025-09-28,61.91,4866.72,8,ACEPTADA
1632,2025-07-29,27.18,1097.84,4,ACEPTADA
1633,2025-01-19,43.72,3611.36,17,ACEPTADA
1634,2025-05-10,72.75,4106.14,14,ACEPTADA
1635,2025-05-01,54.29,1974.04,15,ACEPTADA
1636,2025-09-23,82.02,3519.15,13,ACEPTADA
1637,2025-02-02,39.37,1934.30,16,ACEPTADA
1638,2025-07-14,87.41,2402.17,18,ACEPTADA
1639,2025-09-24,81.44,3789.89,18,ACEPTADA
1640,2025-10-20,81.10,4299.24,2,ACEPTADA
1641,2025-08-23,25.35,1592.01,5,ACEPTADA
1642,2025-03-25,52.34,2499.23,11,ACEPTADA
1643,2025-09-21,61.64,769.64,16,ACEPTADA
1644,2025-02-05,38.52,4661.60,1,ACEPTADA
1645,2025-08-28,27.28,3067.55,13,ACEPTADA
1646,2025-01-18,82.14,4744.53,17,ACEPTADA
1647,2025-03-27,32.49,3519.68,15,ACEPTADA
1648,2025-03-16,30.89,3242.49,8,ACEPTADA
1649,2025-04-04,18.73,1494.31,18,ACEPTADA
1650,2025-03-02,58.44,3664.29,6,ACEPTADA
1651,2025-08-15,22.10,4648.67,19,ACEPTADA
1652,2025-09-09,93.60,4084.56,10,ACEPTADA
1653,2025-04-20,69.49,3389.06,3,ACEPTADA
1654,2025-01-28,97.15,3087.26,16,ACEPTADA
1655,2025-06-27,14.46,3126.90,8,ACEPTADA
1656,2025-06-22,52.42,962.49,18,ACEPTADA
1657,2025-09-08,81.70,3746.35,10,ACEPTADA
1658,2025-01-25,40.28,1736.36,1,ACEPTADA
1659,2025-05-13,42.11,3431.89,1,ACEPTADA
1660,2025-06-19,56.84,2527.38,7,ACEPTADA
1661,2025-02-13,57.00,1489.10,11,ACEPTADA
1662,2025-07-31,77.00,4851.72,7,ACEPTADA
1663,2025-04-27,24.35,4141.17,13,ACEPTADA
1664,2025-08-08,29.04,2099.75,14,ACEPTADA
1665,2025-10-05,90.56,4264.81,19,ACEPTADA
1666,2025-09-21,89.15,973.01,3,ACEPTADA
1667,2025-08-10,13.47,4232.15,12,ACEPTADA
1668,2025-07-16,40.22,1050.91,20,ACEPTADA
1669,2025-07-30,59.43,2187.71,7,ACEPTADA
1670,2025-04-17,94.46,4422.17,20,ACEPTADA
1671,2025-06-03,62.73,4834.43,19,ACEPTADA
1672,2025-05-28,64.87,3347.19,19,ACEPTADA
1673,2025-06-18,11.74,1493.86,5,ACEPTADA
1674,2025-02-19,37.85,4816.53,12,ACEPTADA
1675,2025-07-16,67.31,1503.65,9,ACEPTADA
1676,2025-04-11,45.23,3638.97,9,ACEPTADA
1677,2025-09-23,92.15,1944.26,11,ACEPTADA
1678,2025-09-02,19.26,4841.85,17,ACEPTADA
1679,2025-07-28,94.56,2821.37,14,ACEPTADA
1680,2025-02-23,81.18,2448.75,3,ACEPTADA
1681,2025-01-11,65.35,949.26,18,ACEPTADA
1682,2025-05-15,51.91,1334.90,3,ACEPTADA
1683,2025-04-13,40.03,4433.59,10,ACEPTADA
1684,2025-09-27,40.72,3971.93,9,ACEPTADA
1685,2025-01-01,84.20,3891.83,16,ACEPTADA
1686,2025-09-09,99.80,4506.64,6,ACEPTADA
1687,2025-05-22,63.27,2204.03,6,ACEPTADA
1688,2025-02-21,81.10,1338.66,10,ACEPTADA
1689,2025-06-26,62.51,2662.60,8,ACEPTADA
1690,2025-07-06,25.93,1597.20,15,ACEPTADA
1691,2025-01-28,33.10,1780.29,9,ACEPTADA
1692,2025-09-13,50.24,2284.98,7,ACEPTADA
1693,2025-07-23,31.29,4944.22,20,ACEPTADA
1694,2025-08-31,92.28,1582.87,8,ACEPTADA
1695,2025-04-21,40.56,1332.49,19,ACEPTADA
1696,2025-06-20,99.74,2908.28,15,ACEPTADA
1697,2025-03-05,52.40,1994.45,15,ACEPTADA
1698,2025-03-12,20.95,856.24,18,ACEPTADA
1699,2025-08-11,56.76,4912.54,11,ACEPTADA
1700,2025-10-25,94.68,1121.06,10,ACEPTADA
1701,2025-08-06,28.98,3318.29,19,ACEPTADA
1702,2025-05-04,45.58,4318.56,9,ACEPTADA
1703,2025-01-23,18.67,1460.05,2,ACEPTADA
1704,2025-09-14,30.32,3154.37,4,ACEPTADA
1705,2025-09-13,90.28,3447.55,19,ACEPTADA
1706,2025-03-04,50.24,1439.08,9,ACEPTADA
1707,2025-10-24,52.09,836.31,7,ACEPTADA
1708,2025-08-30,48.91,3098.26,16,ACEPTADA
1709,2025-07-04,56.18,3952.84,1,ACEPTADA
1710,2025-10-12,56.54,502.52,4,ACEPTADA
1711,2025-09-07,69.65,3444.97,10,ACEPTADA
1712,2025-10-10,18.79,3688.83,19,ACEPTADA
1713,2025-06-10,63.17,3713.74,3,ACEPTADA
1714,2025-02-17,97.61,3666.33,8,ACEPTADA
1715,2025-06-25,10.36,3428.17,19,ACEPTADA
1716,2025-09-23,39.81,2177.79,9,ACEPTADA
1717,2025-07-24,58.02,809.62,16,ACEPTADA
1718,2025-06-20,56.67,708.88,14,ACEPTADA
1719,2025-02-22,88.27,3472.89,14,ACEPTADA
1720,2025-02-03,53.30,908.25,9,ACEPTADA
1721,2025-05-25,41.64,1919.95,17,ACEPTADA
1722,2025-08-01,75.00,816.70,12,ACEPTADA
1723,2025-05-17,79.49,4526.87,20,ACEPTADA
1724,2025-07-02,73.80,725.60,11,ACEPTADA
1725,2025-07-18,93.82,1292.08,14,ACEPTADA
1726,2025-10-07,79.34,2024.04,17,ACEPTADA
1727,2025-06-05,27.45,1086.37,4,ACEPTADA
1728,2025-09-17,23.40,3456.92,5,ACEPTADA
1729,2025-01-22,76.70,3593.82,2,ACEPTADA
1730,2025-06-24,33.47,4543.90,3,ACEPTADA
1731,2025-01-28,40.09,4461.14,1,ACEPTADA
1732,2025-05-10,36.86,4658.35,19,ACEPTADA
1733,2025-05-03,22.38,4940.40,18,ACEPTADA
1734,2025-03-16,48.27,2381.85,17,ACEPTADA
1735,2025-01-25,37.36,2184.65,2,ACEPTADA
1736,2025-08-29,63.75,2371.40,11,ACEPTADA
1737,2025-06-29,13.22,3823.41,5,ACEPTADA
1738,2025-05-30,33.99,3359.71,10,ACEPTADA
1739,2025-06-02,32.02,1265.23,3,ACEPTADA
1740,2025-06-03,42.05,4966.01,7,ACEPTADA
1741,2025-09-19,71.54,4272.54,14,ACEPTADA
1742,2025-07-06,23.59,2635.69,3,ACEPTADA
1743,2025-10-09,33.14,1682.44,17,ACEPTADA
1744,2025-06-26,35.50,4686.55,16,ACEPTADA
1745,2025-10-26,77.26,1979.92,11,ACEPTADA
1746,2025-07-21,46.65,937.29,2,ACEPTADA
1747,2025-02-11,19.40,4789.07,13,ACEPTADA
1748,2025-08-30,45.55,3318.59,6,ACEPTADA
1749,2025-03-04,84.51,2650.91,13,ACEPTADA
1750,2025-02-03,35.61,4374.90,3,ACEPTADA
1751,2025-02-13,77.34,2370.99,10,RECHAZADA
1752,2025-03-31,97.84,3234.65,7,RECHAZADA
1753,2025-08-18,19.40,4726.05,17,RECHAZADA
1754,2025-02-04,98.30,3220.43,6,RECHAZADA
1755,2025-01-25,77.95,2590.62,10,RECHAZADA
1756,2025-01-19,82.18,1652.92,15,RECHAZADA
1757,2025-08-09,84.45,3207.06,15,RECHAZADA
1758,2025-10-11,24.20,3698.39,17,RECHAZADA
1759,2025-05-28,13.14,3103.73,3,RECHAZADA
1760,2025-05-24,29.46,2990.73,16,RECHAZADA
1761,2025-05-17,42.25,1848.79,18,RECHAZADA
1762,2025-05-17,21.09,2963.91,4,RECHAZADA
1763,2025-05-01,96.62,2394.07,3,RECHAZADA
1764,2025-03-08,26.14,2394.71,8,RECHAZADA
1765,2025-05-03,89.97,4643.72,6,RECHAZADA
1766,2025-02-05,62.88,3728.91,10,RECHAZADA
1767,2025-06-07,12.48,2482.13,8,RECHAZADA
1768,2025-04-12,81.24,2234.66,13,RECHAZADA
1769,2025-09-28,60.45,2070.44,17,RECHAZADA
1770,2025-03-17,68.48,2971.68,17,RECHAZADA
1771,2025-09-05,53.06,3718.88,17,RECHAZADA
1772,2025-05-01,94.33,2804.42,14,RECHAZADA
1773,2025-08-12,28.66,695.87,16,RECHAZADA
1774,2025-03-28,20.83,1499.96,8,RECHAZADA
1775,2025-08-14,94.66,3083.01,7,RECHAZADA
1776,2025-04-07,97.11,4022.81,6,RECHAZADA
1777,2025-10-18,17.76,2429.29,3,RECHAZADA
1778,2025-04-14,33.77,4895.59,14,RECHAZADA
1779,2025-06-11,82.29,4475.03,19,RECHAZADA
1780,2025-10-04,21.10,1424.61,11,RECHAZADA
1781,2025-07-31,59.02,4043.35,10,TASACION
1782,2025-10-03,23.33,3077.21,6,TASACION
1783,2025-01-19,70.09,2600.21,18,TASACION
1784,2025-05-17,61.48,3004.23,10,TASACION
1785,2025-10-04,35.89,1399.50,20,TASACION
1786,2025-06-24,53.92,1032.16,1,TASACION
1787,2025-10-27,96.54,2685.44,6,TASACION
1788,2025-09-21,90.66,1810.90,17,TASACION
1789,2025-05-25,89.76,2078.70,5,TASACION
1790,2025-03-16,42.00,738.20,9,TASACION
1791,2025-05-05,63.41,749.18,3,TASACION
1792,2025-05-29,80.50,3926.41,1,TASACION
1793,2025-10-15,63.94,2257.80,6,TASACION
1794,2025-09-24,97.31,4717.78,5,TASACION
1795,2025-05-10,63.65,4661.68,11,TASACION
1796,2025-01-12,84.26,2648.27,1,TASACION
1797,2025-02-17,64.87,4293.51,9,TASACION
1798,2025-02-28,21.44,916.74,6,TASACION
1799,2025-03-07,10.53,3328.19,2,TASACION
1800,2025-10-04,55.85,2795.84,6,TASACION
